studyid,data_type,country,duration_weeks,mean_age,pct_female,baseline_scale,baseline_mean,baseline_sd,rob_sequence,rob_allocation,rob_blind_pp,rob_blind_outcome,rob_attrition,rob_reporting,rob_other,rob_score_sequence,rob_score_allocation,rob_score_blind_pp,rob_score_blind_out,rob_score_attrition,rob_high_any,full_reference
003-008 (FDA),CFB,US,6,39,65,HAMD,25.77,NA,Unclear risk,Unclear risk,Low risk,Unclear risk,Unclear risk,Unclear risk,High risk,1,1,0,1,1,0,http://digitalcommons.ohsu.edu/fdadrug/20/
29060 07 001,CFB,US,6,43.2,58,HAMD,29.73,NA,Unclear risk,Unclear risk,Low risk,Unclear risk,Low risk,Unclear risk,High risk,1,1,0,1,0,0,http://www.gsk-clinicalstudyregister.com/study/29060/07/001#rs
29060/299,CFB,Europe,8,40.4,NA,HAMD,27.84,NA,Unclear risk,Unclear risk,Low risk,Unclear risk,Low risk,Unclear risk,High risk,1,1,0,1,0,0,https://www.gsk-clinicalstudyregister.com/study/29060/299#rs
Aguglia 1993,BF,Italy,8,58.2,75,MADRS,33.17,7.84,High risk,Unclear risk,Low risk,Unclear risk,High risk,Unclear risk,High risk,2,1,0,1,2,1,"Aguglia E, Casacchia M, Cassano GB, Faravelli C, Ferrari G, Giordano P, Pancheri P, Ravizza L, Trabucchi M, Bolino F, Scarpato A. Double-blind study of the efficacy and safety of sertraline versus fluoxetine in major depression. International Clinical Psychopharmacology. 1993."
Ai 2018,BF,China,6,20.2,55,HAMD,31.81,5.31,Low risk,Unclear risk,High risk,Low risk,Low risk,Unclear risk,Low risk,0,1,2,0,0,1,"Ai CQ, Wang QB, Wang X, Wang Y, Chen SM, Chen X. Therapeutic observation of cranial suture acupuncture in treating depression. Journal of Acupuncture and Tuina Science. 2018 Jun 1;16(3):161-6."
Akhondzadeh 2003,CFB,Iran,6,35.8,40,NR,NA,NA,Unclear risk,Unclear risk,Low risk,Unclear risk,Unclear risk,Unclear risk,Unclear risk,1,1,0,1,1,0,"Akhondzadeh S, Faraji H, Sadeghi M, Afkham K, Fakhrzadeh H, Kamalipour A. Double‐blind comparison of fluoxetine and nortriptyline in the treatment of moderate to severe major depression. Journal of clinical pharmacy and therapeutics. 2003 Oct;28(5):379-84."
Albornoz 2011,BF,Venezuela,12,NA,0,HAMD,19.580000000000002,6.23,Unclear risk,Low risk,High risk,Unclear risk,Low risk,Unclear risk,Unclear risk,1,0,2,1,0,1,Albornoz Y. The effects of group improvisational music therapy on depression in adolescents and adults with substance abuse: a randomized controlled trial. Nordic Journal of Music Therapy. 2011 Oct 1;20(3):208-24.
Alexopoulos 2003b,BF,US,12,74.1,52,HAMD,24.65,4.58,Unclear risk,Unclear risk,High risk,Unclear risk,Low risk,Unclear risk,Low risk,1,1,2,1,0,1,"Alexopoulos GS, Raue P, Areán P. Problem-solving therapy versus supportive therapy in geriatric major depression with executive dysfunction. The American journal of geriatric psychiatry. 2003 Jan 1;11(1):46-52."
Allard 2004,BF,Sweden & Denmark,22,73,80,MADRS,27.3,3.6,Unclear risk,Unclear risk,Low risk,Unclear risk,Low risk,Unclear risk,High risk,1,1,0,1,0,0,"Allard P, Gram L, Timdahl K, Behnke K, Hanson M, Søgaard J. Efficacy and tolerability of venlafaxine in geriatric outpatients with major depression: a double‐blind, randomised 6‐month comparative trial with citalopram. International journal of geriatric psychiatry. 2004 Dec;19(12):1123-30."
Allen 2006,BIN,US,8,41.2,69,HAMD,22.31,4.66,Low risk,Unclear risk,High risk,Low risk,Low risk,High risk,High risk,0,1,2,0,0,1,"Allen JJ, Schnyer RN, Chambers AS, Hitt SK, Moreno FA, Manber R. Acupuncture for depression: a randomized controlled trial. Journal of Clinical Psychiatry. 2006 Nov 1;67(11):1665-73."
Alves 1999,BIN,Portugal,12,43.7,92,HAMD,27.34,4.54,Low risk,Low risk,Low risk,Unclear risk,Low risk,High risk,High risk,0,0,0,1,0,0,Alves C. Efficacy and tolerability of venlafaxine and fluoxetine in outpatients with major depression. Primary Care Psychiatry. 1999;5:57-63.
Amsterdam 1986,BF,US,4,41,33,HAMD,23.96,4.57,Unclear risk,Unclear risk,Low risk,Unclear risk,Low risk,High risk,High risk,1,1,0,1,0,0,"Amsterdam JD, Case WG, Csanalosi E, Singer M, Rickels K. A double-blind comparative trial of zimelidine, amitriptyline, and placebo in patients with mixed anxiety and depression. Pharmacopsychiatry. 1986 May;19(03):115-9."
Andreescu 2011,CFB,US,6,47.5,68,HAMD,18.12,3.46,Unclear risk,Unclear risk,Unclear risk,Low risk,Low risk,Low risk,High risk,1,1,1,0,0,0,"Andreescu C, Glick RM, Emeremni CA, Houck PR, Mulsant BH. Acupuncture for the treatment of major depressive disorder: a randomized controlled trial. The Journal of clinical psychiatry. 2011 May 3;72(8):359."
Andreoli 2002/Dubini 1997/Massana 1998_study 1,CFB,"Brazil, France, Ireland, Italy, Poland, and UK",8,42.2,60,HAMD,27.15,3.6,Unclear risk,Unclear risk,Low risk,Unclear risk,Low risk,Unclear risk,High risk,1,1,0,1,0,0,"Andreoli V, Caillard V, Deo RS, Rybakowski JK, Versiani M. Reboxetine, a new noradrenaline selective antidepressant, is at least as effective as fluoxetine in the treatment of depression. Journal of Clinical psychopharmacology. 2002 Aug 1;22(4):393-9.
Dubini A, Bosc M, Polin V. Do noradrenaline and serotonin differentially affect social motivation and behaviour?. European neuropsychopharmacology. 1997 Apr 1;7(1):S49-55.
Massana J. Reboxetine versus fluoxetine: an overview of efficacy and tolerability. Journal of Clinical psychiatry. 1998 Jan 1;59(14):8-10."
Arean 1993,BF,US,12,66.4,77,HAMD,23.76,5.7,Unclear risk,Unclear risk,High risk,Low risk,High risk,Unclear risk,Unclear risk,1,1,2,0,2,1,"Arean PA, Perri MG, Nezu AM, Schein RL, Christopher F, Joseph TX. Comparative effectiveness of social problem-solving therapy and reminiscence therapy as treatments for depression in older adults. Journal of consulting and clinical psychology. 1993 Dec;61(6):1003."
Arean 2010,BF,US,12,73,NA,HAMD,24.3,4.26,Low risk,Unclear risk,High risk,Low risk,Low risk,High risk,Low risk,0,1,2,0,0,1,"Areán PA, Raue P, Mackin RS, Kanellopoulos D, McCulloch C, Alexopoulos GS. Problem-solving therapy and supportive therapy in older adults with major depression and executive dysfunction. American Journal of Psychiatry. 2010 Nov;167(11):1391-8."
Ashouri 2013,BF,Iran,NA,32.5,61,BDI-II,35.18,5.55,Unclear risk,Unclear risk,High risk,High risk,Low risk,Unclear risk,Unclear risk,1,1,2,2,0,1,"Ashouri A, Atef-Vahid MK, Gharaee B, Rasoulian M. Effectiveness of meta-cognitive and cognitive-behavioral therapy in patients with major depressive disorder. Iranian journal of psychiatry and behavioral sciences. 2013 Dec 30;7(2):24-34."
Badyal 2005,BIN,India,6,42.9,35,HAMD,27.72,2.54,Low risk,Unclear risk,High risk,Unclear risk,Unclear risk,High risk,High risk,0,1,2,1,1,1,"Badyal DK, Khosla PP, Deswal RS, Matreja PS. Safety and efficacy of duloxetine versus venlafaxine in major depression in Indian patients. JK Science. 2006;8(4):195-9."
Bakish 1992b,BIN,Canada,6,43,43,HAMD,22.92,3.48,Unclear risk,Unclear risk,Low risk,Unclear risk,Unclear risk,High risk,High risk,1,1,0,1,1,0,"Bakish D, Bradwejn J, Nair N, McClure J, Remick R, Bulger L. A comparison of moclobemide, amitriptyline and placebo in depression: a Canadian multicentre study. Psychopharmacology. 1992 Feb;106:S98-101."
Baldwin 2006b,BF,6 countries (no further detail reported),8,45,74,MADRS,29.65,4.15,Low risk,Low risk,Low risk,Unclear risk,Low risk,High risk,High risk,0,0,0,1,0,0,"Baldwin DS, Cooper JA, Huusom AK, Hindmarch I. A double-blind, randomized, parallel-group, flexible-dose study to evaluate the tolerability, efficacy and effects of treatment discontinuation with escitalopram and paroxetine in patients with major depressive disorder. International clinical psychopharmacology. 2006 May 1;21(3):159-69."
Baldwin 2012,CFB,"Australia, Bulgaria, Canada, the Czech Republic, Estonia, Finland, France, Hong Kong, India, the Republic of Korea, Latvia, Lithuania, Malaysia, the Philippines, Romania, Slovakia, Spain, Taiwan, Turkey & Ukraine",8,44.4,68,MADRS,31.55,4.25,Low risk,Low risk,Low risk,High risk,Low risk,Low risk,High risk,0,0,0,2,0,1,"Baldwin DS, Loft H, Dragheim M. A randomised, double-blind, placebo controlled, duloxetine-referenced, fixed-dose study of three dosages of Lu AA21004 in acute treatment of major depressive disorder (MDD). European Neuropsychopharmacology. 2012 Jul 1;22(7):482-91."
Balestrieri 1971,BF,Italy,3,NA,NA,HAMD,24.18,6.72,Unclear risk,Unclear risk,Low risk,Low risk,Low risk,High risk,Unclear risk,1,1,0,0,0,0,"Balestrieri A, Benassi P, Cassano GB, Castrogiovanni P, Catalano A, Colombi A, Conforto C, Del Soldato G, Giberti F, Lucchelli PE, Muratorio A. Clinical comparative evaluation of maprotiline, a new antidepressant drug. International Pharmacopsychiatry. 1971;6:236-48."
Basterzi 2009,BF,Turkey,6,31.5,70,HAMD,26.09,4.21,Unclear risk,Unclear risk,Unclear risk,Unclear risk,Low risk,High risk,Low risk,1,1,1,1,0,0,"Başterzi AD, Yazici K, Aslan E, Delialioğlu N, Taşdelen B, Acar ŞT, Yazici A. Effects of fluoxetine and venlafaxine on serum brain derived neurotrophic factor levels in depressed patients. Progress in Neuro-Psychopharmacology and Biological Psychiatry. 2009 Mar 17;33(2):281-5."
Baune 2018,CFB,"Estonia, Finland, Germany, & Lithuania",8,45.7,64,MADRS,31.54,3.34,Unclear risk,Unclear risk,Low risk,High risk,Low risk,Low risk,High risk,1,1,0,2,0,1,"Baune BT, Sluth LB, Olsen CK. The effects of vortioxetine on cognitive performance in working patients with major depressive disorder: a short-term, randomized, double-blind, exploratory study. Journal of affective disorders. 2018 Mar 15;229:421-8."
Beach 1992,BF,US,15,NA,100,BDI,28.3,6.2,Unclear risk,Unclear risk,High risk,Unclear risk,Unclear risk,High risk,Low risk,1,1,2,1,1,1,"Beach SR, O'Leary KD. Treating depression in the context of marital discord: Outcome and predictors of response of marital therapy versus cognitive therapy. Behavior therapy. 1992 Sep 1;23(4):507-28."
Beasley 1991a,CFB,US,6,40,67,HAMD,23.84,3.19,Unclear risk,Unclear risk,Low risk,Unclear risk,Low risk,Unclear risk,High risk,1,1,0,1,0,0,"Beasley CM, Dornseif BE, Pultz JA, Bosomworth JC, Sayler ME. Fluoxetine versus trazodone: efficacy and activating-sedating effects. The Journal of clinical psychiatry. 1991 Jul.;52(7):294-9."
Beasley 1993b,CFB,US,5,44.8,70,HAMD,28.24,5.74,Unclear risk,Unclear risk,Low risk,Unclear risk,High risk,Unclear risk,High risk,1,1,0,1,2,1,"Beasley CM, Sayler ME, Potvin JH. Fluoxetine versus amitriptyline in the treatment of major depression: a multicenter trial. International clinical psychopharmacology. 1993 Fall;8(3):143-9."
Benkert 1996,BIN,"Belgium, France, Germany, Italy, & Switzerland",6,47.4,68,MADRS,36.36,5.96,Unclear risk,Unclear risk,Low risk,Unclear risk,Unclear risk,High risk,High risk,1,1,0,1,1,0,"Benkert O, Gründer G, Wetzel H, Hackett D. A randomized, double-blind comparison of a rapidly escalating dose of venlafaxine and imipramine in inpatients with major depression and melancholia. Journal of Psychiatric Research. 1996 Nov 1;30(6):441-51."
Benkert 2000,BIN,Germany,6,47.3,63,HAMD,22.400000000000002,3.24,Unclear risk,Unclear risk,Low risk,Unclear risk,Low risk,High risk,High risk,1,1,0,1,0,0,"Benkert O, Szegedi A, Kohnen R. Mirtazapine compared with paroxetine in major depression. Journal of Clinical Psychiatry. 2000 Sep 9;61(9):656-63."
Bersani 1994,BF,Italy,8,47.1,63,HAMD,32.51,5.1,Unclear risk,Unclear risk,Low risk,Unclear risk,Low risk,High risk,High risk,1,1,0,1,0,0,"Bersani G, Rapisarda V, Ciani N, Bertolino A, Sorge G. A double-blind comparative study of sertraline and amitriptyline in outpatients with major depressive episodes. Human Psychopharmacology: Clinical and Experimental. 1994 Jan;9(1):63-68."
Bhargava 2012,BF,India,12,36.2,52,HAMD,26.47,2.12,Unclear risk,Unclear risk,High risk,Unclear risk,Low risk,Unclear risk,Unclear risk,1,1,2,1,0,1,"Bhargava J, Khan ZY. Comparative Evaluation of the efficacy and side effects of imipramine, sertraline and an ayurvedic formulation in patients of depression. J Clin Diagn Res. 2012 Apr;6(2):220-5."
Bielski 2004,CFB,US,8,37.4,58,MADRS,30.35,4.81,High risk,Unclear risk,Low risk,Low risk,Low risk,Low risk,High risk,2,1,0,0,0,1,"Bielski RJ, Ventura D, Chang CC. A double-blind comparison of escitalopram and venlafaxine extended release in the treatment of major depressive disorder. Journal of Clinical Psychiatry. 2004 Sep 1;65(9):1190-6."
Binnemann 2008,CFB,"US, Serbia and Montenegro, & the Russian Federation",6,49,39,HAMD,23.43,3.98,Unclear risk,Unclear risk,Low risk,High risk,Low risk,Low risk,High risk,1,1,0,2,0,1,"Binneman B, Feltner D, Kolluri S, Shi Y, Qiu R, Stiger T. A 6-week randomized, placebo-controlled trial of CP-316,311 (a selective CRH 1 antagonist) in the treatment of major depression. American Journal of Psychiatry. 2008 May;165(5):617-20."
Bjerkenstedt 2005,CFB,Sweden,4,50.9,79,HAMD,24.51,4.07,Unclear risk,Unclear risk,Low risk,Unclear risk,Low risk,Unclear risk,High risk,1,1,0,1,0,0,"Bjerkenstedt L, Edman GV, Alken RG, Mannel M. Hypericum extract LI 160 and fluoxetine in mild to moderate depression: A randomized, placebo–controlled multi–center study in outpatients. European Archives of Psychiatry and Clinical Neuroscience. 2005 Feb;255:40-7."
Blackburn 1997,BF,UK,16,39.3,64,HAMD,20.27,4.18,High risk,Unclear risk,High risk,Low risk,Low risk,Unclear risk,Low risk,2,1,2,0,0,1,"Blackburn IM, Moore RG. Controlled acute and follow-up trial of cognitive therapy and pharmacotherapy in out-patients with recurrent depression. The British Journal of Psychiatry. 1997 Oct;171(4):328-34."
Blashki 1971,BF,Australia,4,36.7,100,HAMD,17.62,4.89,Unclear risk,Low risk,Low risk,Low risk,Unclear risk,Unclear risk,Unclear risk,1,0,0,0,1,0,"Blashki TG, Mowbray R, Davies B. Controlled trial of amitriptyline in general practice. Br Med J. 1971 Jan 16;1(5741):133-8."
Blom 2007,BF,Netherlands,12,40,58,MADRS,29.66,5.99,Unclear risk,Unclear risk,Unclear risk,Unclear risk,Unclear risk,High risk,High risk,1,1,1,1,1,0,"Blom MB, Jonker K, Dusseldorp E, Spinhoven P, Hoencamp E, Haffmans J, van Dyck R. Combination treatment for acute depression is superior only when psychotherapy is added to medication. Psychotherapy and Psychosomatics. 2007;76(5):289-97."
Blumenthal 2007/Hoffman 2011,CFB,US,16,52,76,HAMD,17,5,Low risk,Low risk,High risk,Low risk,Unclear risk,Unclear risk,Unclear risk,0,0,2,0,1,1,"Blumenthal JA, Babyak MA, Doraiswamy PM, Watkins L, Hoffman BM, Barbour KA, Herman S, Craighead WE, Brosse AL, Waugh R, Hinderliter A. Exercise and pharmacotherapy in the treatment of major depressive disorder. Psychosomatic medicine. 2007;69(7):587.
Hoffman BM, Babyak MA, Craighead WE, Sherwood A, Doraiswamy PM, Coons MJ, Blumenthal JA. Exercise and pharmacotherapy in patients with major depression: one-year follow-up of the SMILE study. Psychosomatic medicine. 2011 Feb;73(2):127."
Bose 2008,CFB,US,12,68.3,59,MADRS,28.89,3.88,Low risk,Unclear risk,Low risk,Unclear risk,Low risk,High risk,High risk,0,1,0,1,0,0,"Bose A, Li D, Gandhi C. Escitalopram in the acute treatment of depressed patients aged 60 years or older. The American Journal of Geriatric Psychiatry. 2008 Jan 1;16(1):14-20."
Boulenger 2006,BF,"Denmark, France, Germany, Greece, Italy & The Netherlands",24,44.3,68,MADRS,35,3.75,Low risk,Low risk,Low risk,Unclear risk,Low risk,High risk,High risk,0,0,0,1,0,0,"Boulenger, J.P., Huusom, A.K.T., Florea, I., Baekdal, T. & Sarchiapone, M. (2006) A comparative study of the efficacy of long-term treatment with escitalopram and paroxetine in severely depressed patients. Current Medical Research and Opinion, 22, 1331-1341."
Boulenger 2014,CFB,"Belgium, Estonia, Finland, France, Germany, Latvia, Lithuania, Norway, Russia, Slovakia, South Africa, Sweden & Ukraine",8,46.9,70,MADRS,31.36,3.55,Low risk,Low risk,Low risk,High risk,Low risk,High risk,High risk,0,0,0,2,0,1,"Boulenger, J. P., Loft, H., & Olsen, C. K. (2014). Efficacy and safety of vortioxetine (Lu AA21004), 15 and 20 mg/day: a randomized, double-blind, placebo-controlled, duloxetine-referenced study in the acute treatment of adult patients with major depressive disorder. International clinical psychopharmacology, 29(3), 138."
Bowman 1995,BF,US,4,36.2,63,HAMD,19.9,5.18,Unclear risk,Unclear risk,High risk,Unclear risk,Low risk,Unclear risk,Unclear risk,1,1,2,1,0,1,"Bowman, D., Scogin, F., & Lyrene, B. (1995) The efficacy of self-examination therapy and cognitive bibliotherapy in the treatment of mild to moderate depression. Psychotherapy Research, 5, 95-140"
Boyer 1998,BF,France,26,43.4,78,MADRS,28.65,5.65,Unclear risk,Unclear risk,Low risk,Unclear risk,Unclear risk,High risk,Unclear risk,1,1,0,1,1,0,"Boyer, P., Danion, J. M., Bisserbe, J. C., Hotton, J. M., & Troy, S. (1998). Clinical and economic comparison of sertraline and fluoxetine in the treatment of depression. Pharmacoeconomics, 13(1), 157-169."
Brannan 2005,CFB,US,7,40.6,65,HAMD,22.9,3.48,High risk,Unclear risk,Low risk,Unclear risk,Unclear risk,High risk,High risk,2,1,0,1,1,1,"Brannan, S. K., Mallinckrodt, C. H., Brown, E. B., Wohlreich, M. M., Watkin, J. G., & Schatzberg, A. F. (2005). Duloxetine 60 mg once-daily in the treatment of painful physical symptoms in patients with major depressive disorder. Journal of Psychiatric Research, 39, 43-53."
Burke 2002,CFB,US,8,40.1,65,MADRS,28.91,4.77,Unclear risk,Unclear risk,Low risk,Unclear risk,Low risk,High risk,High risk,1,1,0,1,0,0,"Burke WJ, Gergel I, Bose A. Fixed-dose trial of the single isomer SSRI escitalopram in depressed outpatients. Journal of Clinical Psychiatry 2002;63(4):331-336"
Carman 1991,CFB,US,6,NA,NA,HAMD,27.15,NA,Unclear risk,Unclear risk,Low risk,Unclear risk,Unclear risk,High risk,High risk,1,1,0,1,1,0,"Carman, J. S., Ahdieh, H., Wyatt-Knowles, E., Warga, E., & Panagides, J. (1991). A controlled study of mianserin in moderately to severely depressed outpatients. Psychopharmacology bulletin, 27(2), 135-139."
Chang 2015,BF,Taiwan,6,39.7,73,HAMD,25.1,5.8,Unclear risk,Unclear risk,Unclear risk,Unclear risk,Unclear risk,High risk,Low risk,1,1,1,1,1,0,"Chang HH, Chou CH, Yang YK, Lee IH, Chen PS. Association between ABCB1 polymorphisms and antidepressant treatment response in Taiwanese major depressive patients. Clinical Psychopharmacology and Neuroscience. 2015 Dec;13(3):250."
Chiu 1996,CFB,Taiwan,6,45.7,63,HAMD,27.5,4.9,Unclear risk,Unclear risk,Low risk,Unclear risk,Unclear risk,High risk,High risk,1,1,0,1,1,0,"Chiu HJ, Hong CJ, Chan CH. Paroxetine in the treatment of Chinese patients with depressive episode: a double-blind randomized comparison with imipramine. Chung Hua i Hsueh Tsa Chih - Chinese Medical Journal 1996;57(6):418-423."
Choi 2012,BF,Australia,8,39,80,BDI,23.07,8.33,High risk,Low risk,High risk,Unclear risk,Low risk,Low risk,Low risk,2,0,2,1,0,1,"Choi, I., et al. (2012) Culturally attuned Internet treatment for depression amongst Chinese Australians: a randomised controlled trial. Journal of Affective Disorders 136, 459-468"
Choi 2014a/Choi 2014b,BF,US,12,65.2,78,HAMD,24.55,6.62,Unclear risk,Unclear risk,High risk,Unclear risk,Low risk,Unclear risk,Unclear risk,1,1,2,1,0,1,"Choi, N. G., et al. (2014) Telehealth problem-solving therapy for depressed low-income homebound older adults. The American journal of geriatric psychiatry : official journal of the American Association for Geriatric Psychiatry 22, 263-271"
Chouinard 1999,CFB,Canada,12,40.9,62,HAMD,25.68,7.18,Unclear risk,Unclear risk,Low risk,Unclear risk,Low risk,High risk,High risk,1,1,0,1,0,0,"Chouinard, G., Saxena, B., Bélanger, M. C., Ravindran, A., Bakish, D., Beauclair, L., ... & Remick, R. (1999). A Canadian multicenter, double-blind study of paroxetine and fluoxetine in major depressive disorder. Journal of affective disorders, 54(1-2), 39-48."
Claghorn 1992a,CFB,US,6,NA,NA,NR,NA,NA,Unclear risk,Unclear risk,Low risk,Unclear risk,Unclear risk,High risk,High risk,1,1,0,1,1,0,"Claghorn J. A double-blind comparison of paroxetine and placebo in the treatment of depressed outpatients. International Clinical Psychopharmacology Vol 6 Suppl 4, pp 25-30, 1992."
Claghorn 1992b,CFB,US,6,35,32,HAMD,24.799999999999997,3.7,Unclear risk,Unclear risk,Low risk,Unclear risk,Low risk,High risk,High risk,1,1,0,1,0,0,Claghorn JL. The safety and efficacy of paroxetine compared with placebo in a double-blind trial of depressed outpatients. Journal of Clinical Psychiatry 1992;53 Suppl:33-35.
Clayton 2006_study 1,CFB,US,8,35,61,HAMD,23.299999999999997,3.03,Unclear risk,Unclear risk,Low risk,Unclear risk,Low risk,High risk,High risk,1,1,0,1,0,0,"Clayton, A.H., Croft, H.A., Horrigan, J.P., Wightman, D.S., Krishen, A., Richard, N.E. & Modell, J.G. (2006) Bupropion extended release compared with escitalopram. Effects on sexual functioning and antidepressant efficacy in 2 randomised, double-blind, placebo-controlled studies. Journal of Clinical Psychiatry, 67, 736-746."
Clayton 2006_study 2,CFB,US,8,36.5,56,HAMD,23.3,3.58,Unclear risk,Unclear risk,Low risk,Unclear risk,Low risk,High risk,High risk,1,1,0,1,0,0,"Clayton, A.H., Croft, H.A., Horrigan, J.P., Wightman, D.S., Krishen, A., Richard, N.E. & Modell, J.G. (2006) Bupropion extended release compared with escitalopram. Effects on sexual functioning and antidepressant efficacy in 2 randomised, double-blind, placebo-controlled studies. Journal of Clinical Psychiatry, 67, 736-746."
Clerc 1994,BF,France & Belgium,6,51.3,68,MADRS,35.26,4.98,Unclear risk,Unclear risk,Low risk,Unclear risk,Low risk,Unclear risk,High risk,1,1,0,1,0,0,"Clerc GE, Ruimy P, Verdeau-Palles J. A double-blind comparison of venlafaxine and fluoxetine in patients hospitalized for major depression and melancholia. The Venlafaxine French Inpatient Study Group. International Clinical Psychopharmacology 1994;9(3):139-143."
Cohn 1990b,CFB,US,8,70.3,49,HAMD,24.2,NA,Unclear risk,Unclear risk,Low risk,Unclear risk,Low risk,Unclear risk,High risk,1,1,0,1,0,0,"Cohn CK, Shrivastava R, Mendels J et al. Double-blind, mulitcenter comparison of sertraline and amitriptyline in elderly depressed patients. Journal Clinical Psychiatry 1990;51(suppl B):28- 33."
Colonna 2005,BIN,"Austria, Belgium, Denmark, France, Germany, Norway, & Sweden",24,46,74,MADRS,29.86,4.52,Low risk,Low risk,Low risk,Low risk,Low risk,High risk,High risk,0,0,0,0,0,0,"Colonna, L., Andersen, H.F. & Reines, E.H. (2005) A randomised, double-blind, 24 -week study of escitalopram (10 mg/day), versus citalopram (20 mg/day) in primary care patients with major depressive disorder. Current Medical Research and Opinion, 21, 1659-1668."
Connolly Gibbons 2012,BF,US,12,40.8,90,HAMD,21.4,4.4,Unclear risk,Unclear risk,High risk,Unclear risk,Unclear risk,Unclear risk,Low risk,1,1,2,1,1,1,"Connolly Gibbons, M. B., et al. (2012) Supportive-expressive dynamic psychotherapy in the community mental health system: a pilot effectiveness trial for the treatment of depression. Psychotherapy (Chicago, Ill.) 49, 303-31"
Connolly Gibbons 2016,BF,US,22,36.2,75,HAMD,21.07,5.8,Low risk,Low risk,High risk,Low risk,Unclear risk,High risk,Unclear risk,0,0,2,0,1,1,"Gibbons MB, Gallop R, Thompson D, Luther D, Crits-Christoph K, Jacobs J, Yin S, Crits-Christoph P. Comparative effectiveness of cognitive therapy and dynamic psychotherapy for major depressive disorder in a community mental health setting: a randomized clinical noninferiority trial. JAMA psychiatry. 2016 Sep 1;73(9):904-11."
Cornelius 1997,CFB,US,12,34.8,49,HAMD,18.54,8.09,High risk,Unclear risk,Low risk,Unclear risk,Unclear risk,High risk,Low risk,2,1,0,1,1,1,"Cornelius, J. R., Salloum, I. M., Ehler, J. G., Jarrett, P. J., Cornelius, M. D., Perel, J. M., ... & Black, A. (1997). Fluoxetine in depressed alcoholics: a double-blind, placebo-controlled trial. Archives of General Psychiatry, 54(8), 700-705."
Costa 1998,BF,"Argentina, Brazil, Chile, Colombia, Uruguay, & Venezuela",8,40.2,79,HAMD,30.06,5.78,Unclear risk,Unclear risk,Low risk,Unclear risk,Low risk,Unclear risk,High risk,1,1,0,1,0,0,"Costa e Silva. Randomized, double-blind comparison of venlafaxine and fluoxetine in outpatients with major depression. Journal of Clinical Psychiatry 1998;59(7):352-357."
Costa 2016,BF,UK,1,38.5,76,BDI-II,30,7.79,Unclear risk,Low risk,High risk,Unclear risk,Low risk,Unclear risk,Unclear risk,1,0,2,1,0,1,"Costa, A., & Barnhofer, T. (2016). Turning Towards or Turning Away: A Comparison of Mindfulness Meditation and Guided Imagery Relaxation in Patients with Acute Depression. Behavioural & Cognitive Psychotherapy, 44(4), 410-419. doi:https://dx.doi.org/10.1017/S1352465815000387"
Cutler 2009,BF,US,6,41.3,63,MADRS,30.35,4.76,Low risk,Unclear risk,Low risk,Unclear risk,Low risk,High risk,High risk,0,1,0,1,0,0,"Cutler AJ, Montgomery SA, Feifel D, Lazarus A, Astrom M, Brecher M. Extended release quetiapine fumarate monotherapy in major depressive disorder: a placebo- and duloxetine-controlled study. Journal of Clinical Psychiatry. 2009; 70(4):526–39."
De Ronchi 1998,BF,Italy,10,68.9,72,HAMD,26.06,5.76,Unclear risk,Unclear risk,Low risk,Low risk,Low risk,Unclear risk,High risk,1,1,0,0,0,0,"De Ronchi D, Rucci P, Lodi M, Ravaglia G, Forti P, Volterra V. Fluoxetine and amitriptyline in elderly depressed patients. A 10-week, double-blind study on course of neurocognitive adverse events and depressive symptoms. Archives Gerontology Geriatrics 1998;6 suppl:125-140."
DeJonghe 2001/Kool 2003,BF,Netherlands,24,NA,NA,HAMD,20.4,5.2,High risk,Unclear risk,High risk,Low risk,Unclear risk,Unclear risk,High risk,2,1,2,0,1,1,"De Jonghe FE, Kool S, Van Aalst G, Dekker J, Peen J. Combining psychotherapy and antidepressants in the treatment of depression. Journal of Affective disorders. 2001 May 31;64(2):217-29."
DeNayer 2002,CFB,Belgium,12,42.8,68,HAMD,23.05,NA,Unclear risk,Unclear risk,Low risk,Unclear risk,Low risk,Unclear risk,High risk,1,1,0,1,0,0,"De Nayer A, Geerts S, Ruelens L, Schittecatte M, De Bleeker E, Van E, I, Evrard JL, Linkowski P, Fossion P, Leyman S, Mignon A. Venlafaxine compared with fluoxetine in outpatients with depression and concomitant anxiety. International Journal of Neuropsychopharmacology 5(2):115-20, 2002."
DeWilde 1993,CFB,Belgium,6,44.4,62,HAMD,27.63,5.07,Unclear risk,Unclear risk,Low risk,Unclear risk,Low risk,Unclear risk,High risk,1,1,0,1,0,0,"De Wilde, J., Spiers, R., Mertens, C., Bartholome, F., Schotte, G., & Leyman, S. (1993). A double‐blind, comparative, multicentre study comparing paroxetine with fluoxetine in depressed patients. Acta Psychiatrica Scandinavica, 87(2), 141-145."
Dekker 2005,BF,Netherlands,24,NA,64,HAMD,19.9,4.1,Low risk,Unclear risk,High risk,Low risk,Unclear risk,High risk,High risk,0,1,2,0,1,1,"Dekker J, Molenaar PJ, Kool S, Van Aalst G, Peen J, De Jonghe F. Dose–effect relations in time-limited combined psycho-pharmacological treatment for depression. Psychological medicine. 2005;35(01):47-58."
Demyttenaere 1998,BF,Belgium,9,41.7,55,HAMD,24.43,3.92,Unclear risk,Unclear risk,Low risk,Unclear risk,High risk,Unclear risk,High risk,1,1,0,1,2,1,"Demyttenaere K, Van Ganse E, Gregoire J, Gaens E, Mesters P. Compliance in depressed patients treated with fluoxetine or amitriptyline. International Clinical Psychopharmacology 1998;13:11-17."
Detke 2002a,BF,US,9,41,69,HAMD,20.4,3.38,Unclear risk,Unclear risk,Low risk,Unclear risk,Low risk,High risk,High risk,1,1,0,1,0,0,"Detke, M. J., Lu, Y., Goldstein, D. J., McNamara, R. K., & Demitrack, M. A. (2002). Duloxetine 60 mg once daily dosing versus placebo in the acute treatment of major depression. Journal of Psychiatric Research, 36, 383-390."
Detke 2002b,BF,US,9,42.4,67,HAMD,21.28,3.92,Unclear risk,Unclear risk,Low risk,Unclear risk,Low risk,High risk,High risk,1,1,0,1,0,0,"Detke, M. J., Lu, Y., Goldstein, D. J., Hayes, J. R., & Demitrack, M. A. (2002). Duloxetine, 60 mg once daily, for major depressive disorder: a randomized double-blind placebo-controlled trial. Journal of Clinical Psychiatry, 63, 308-315"
Detke 2004,CFB,US,8,43.4,73,HAMD,20.07,3.66,Unclear risk,Unclear risk,Low risk,Unclear risk,Low risk,High risk,High risk,1,1,0,1,0,0,"Detke, M. J., Wiltse, C. G., Mallinckrodt, C. H., McNamara, R. K., Demitrack, M. A., & Bitter, I. (2004). Duloxetine in the acute and long-term treatment of major depressive disorder: a placebo- and paroxetine-controlled trial. European Neuropsychopharmacology, 14, 457-470."
Deushle 2003,BF,Germany,5,54.1,67,HAMD,22.2,5.8,Unclear risk,Unclear risk,Low risk,Unclear risk,Unclear risk,High risk,High risk,1,1,0,1,1,0,"Deuschle, M., Hamann, B., Meichel, C., Krumm, B., Lederbogen, F., Kniest, A., ... & Heuser, I. (2003). Antidepressive treatment with amitriptyline and paroxetine: effects on saliva cortisol concentrations. Journal of clinical psychopharmacology, 23(2), 201-205."
Diaz-Martinez 1998,BF,Mexico,8,NA,72,MADRS,31.5,6.12,Unclear risk,Unclear risk,High risk,High risk,Unclear risk,High risk,High risk,1,1,2,2,1,1,"Diaz-Martinez A, Benassinni O, Ontiveros A, Gonzalez S, Salin R, Basquedano G, Martinez RA. A randomized, open-label comparison of venlafaxine and fluoxetine in depressed outpatients. Clinical Therapeutics 1998;20(3):467-476."
Dierick 1996,BF,"Belgium, Italy, Switzerland & France",8,43.4,65,HAMD,26.79,4.14,Unclear risk,Unclear risk,Low risk,Unclear risk,Low risk,High risk,High risk,1,1,0,1,0,0,"Dierick M, Ravizza L, Realini R, Martin A. A double-blind comparison of venlafaxine and fluoxetine for treatment of major depression in outpatients. Progress in NeuroPsychopharmacology & Biological Psychiatry 1996;20(1):57-71."
Doogan 1994,BF,UK,6,45.7,68,MADRS,27.59,3.4,Low risk,Unclear risk,Low risk,Unclear risk,Low risk,High risk,High risk,0,1,0,1,0,0,"Doogan DP, Langdon CJ. A double-blind, placebo-controlled comparison of sertraline and dothiepin in the treatment of major depression in general practice. International Clinical Psychopharmacology 1994 Summer;9(2):95-100."
Doongaji 1993,CFB,India,6,36,66,HAMD,25.7,6.83,Unclear risk,Low risk,Low risk,Unclear risk,Low risk,Unclear risk,High risk,1,0,0,1,0,0,"Doongaji DR, Bal S, Rajkumar S et al. Multicentre double-blind comparison of lofepramine and amitriptyline in the treatment of major depressive disorders in Indian patients. British Journal Clinical Research 1993;4:45-53."
Duan 2009,BF,China,6,37.5,62,HAMD,24.04,3.97,Unclear risk,Unclear risk,High risk,Unclear risk,Low risk,Unclear risk,Unclear risk,1,1,2,1,0,1,"Duan DM, Tu Y, Chen LP, Wu ZJ. Efficacy evaluation for depression with somatic symptoms treated by electroacupuncture combined with fluoxetine. Journal of Traditional Chinese Medicine. 2009 Sep 30;29(3):167-73."
Dube 2010,CFB,"India, US, Mexico & Romania",8,36.5,44,NR,NA,NA,High risk,Unclear risk,Low risk,Unclear risk,Low risk,Unclear risk,High risk,2,1,0,1,0,1,"Dubé, S., Dellva, M. A., Jones, M., Kielbasa, W., Padich, R., Saha, A., & Rao, P. (2010). A study of the effects of LY2216684, a selective norepinephrine reuptake inhibitor, in the treatment of major depression. Journal of psychiatric research, 44(6), 356-363."
Dubey 2012,CFB,India,6,36.5,67,HAMD,35.1,5.15,Unclear risk,Unclear risk,High risk,Low risk,Unclear risk,Unclear risk,Unclear risk,1,1,2,0,1,1,"Dubey, A. K., et al. (2012) Efficacy of duloxetine compared with imipramine in the treatment of major depressive disorder in Indian patients. International journal of pharma and bio sciences 3, 133-141"
Dunn 2005,BF,US,12,35.9,75,HAMD,19.4,2.3,Low risk,Low risk,High risk,Low risk,Low risk,High risk,High risk,0,0,2,0,0,1,"Dunn, A. L., Trivedi, M. H., Kampert, J. B., Clark, C. G., & Chambliss, H. O. (2005). Exercise treatment for depression: efficacy and dose response. American journal of preventive medicine, 28(1), 1-8."
E-1569,CFB,Europe,6,44.7,69,HAMD,25.16,NA,Unclear risk,Unclear risk,Low risk,Unclear risk,Low risk,Low risk,High risk,1,1,0,1,0,0,E-1569. https://www.iqwig.de/download/A05-20C_Abschlussbericht_1-1_Bupropion_Mirtazapin_und_Reboxetin_bei_Depressionen.pdf [data extracted from Cipriani 2018]
Egede 2015,BIN,US,8,63.9,2,BDI,26.8,10,Unclear risk,Low risk,High risk,Unclear risk,Low risk,High risk,Unclear risk,1,0,2,1,0,1,"Egede, L. E., Acierno, R., Knapp, R. G., Lejuez, C., Hernandez-Tejada, M., Payne, E. H., & Frueh, B. C. (2015). Psychotherapy for depression in older veterans via telemedicine: a randomised, open-label, non-inferiority trial. The Lancet Psychiatry, 2(8), 693-701."
Eli Lilly HMAT-A,CFB,US,8,NA,NA,HAMD,17.74,5.26,Unclear risk,Unclear risk,Low risk,Unclear risk,Unclear risk,Unclear risk,High risk,1,1,0,1,1,0,"Eli Lilly study F1J-MC-HMAT-A, CT Registry ID# 4091. Duloxetine versus placebo and paroxetine in the acute treatment of major depression. Study Group A. Clinicaltrialresults.org [date site accessed 13.06.08]."
Elkin 1989/Imber 1990,BF,US,16,35,70,HAMD,19.5,4.4,Low risk,Unclear risk,High risk,Unclear risk,Low risk,High risk,Low risk,0,1,2,1,0,1,"Elkin, I., Shea, M., Watkins, J. T. & et al. (1989). National institute of mental health treatment of depression collaborative research program: General effectiveness of treatments. Archives of General Psychiatry 46, 971-982."
Emsley 2018,BF,"Bulgaria, Estonia, Finland, France, Republic of Korea, Malaysia, Mexico, Poland, Romania, & Slovakia",8,70.6,75,HAMD,26.65,3.35,Unclear risk,Low risk,Low risk,Unclear risk,Low risk,High risk,High risk,1,0,0,1,0,0,"Emsley, R., Ahokas, A., Suarez, A., Marinescu, D., Doci, I., Lehtmets, A., . . . Penelaud, P. F. (2018). Efficacy of tianeptine 25-50 mg in elderly patients with recurrent major depressive disorder: An 8-week placebo- and escitalopram-controlled study. Journal of Clinical Psychiatry, 79 (4) (no pagination)(17m11741). doi:http://dx.doi.org/10.4088/JCP.17m11741"
FDA 244 (EMD 68 843-009),CFB,US,8,NA,NA,HAMD,24.19,NA,Unclear risk,Unclear risk,Low risk,Unclear risk,Unclear risk,High risk,High risk,1,1,0,1,1,0,http://www.accessdata.fda.gov/drugsatfda_docs/nda/2011/022567Orig1s000MedR.pdf
FDA 245 (EMD 68 843-010),CFB,US,8,NA,NA,HAMD,23.45,NA,Unclear risk,Unclear risk,Low risk,Unclear risk,Unclear risk,High risk,High risk,1,1,0,1,1,0,http://www.accessdata.fda.gov/drugsatfda_docs/nda/2011/022567Orig1s000MedR.pdf
Fabre 1992,CFB,US,6,35.5,62,HAMD,28.77,1.02,Unclear risk,Unclear risk,Low risk,Unclear risk,Unclear risk,High risk,High risk,1,1,0,1,1,0,"Fabre, L. F. (1992). A 6-week, double-blind trial of paroxetine, imipramine, and placebo in depressed outpatients. Journal of Clinical Psychiatry, 53 (Suppl.), 40-43"
Fabre 1995a,CFB,US,6,37.6,53,HAMD,25.15,3.05,Unclear risk,Unclear risk,Low risk,Unclear risk,High risk,Unclear risk,High risk,1,1,0,1,2,1,"Fabre L, Abuzzahab F, Amin M, Claghorn J, Mendels J, Dubé S, Small JG. Sertraline in major depression: double-blind comparison with placebo. Biol Psychiatry 1995;38:592-602."
Fagiolini 2020,CFB,"Austria, Czech Republic, Italy, Romania, Slovakia, & Spain",8,47.8,75,HAMD,23.7,3.67,Low risk,Low risk,Low risk,Low risk,Low risk,Low risk,Low risk,0,0,0,0,0,0,"Fagiolini, A., Albert, U., Ferrando, L., Herman, E., Muntean, C., Pálová, E., ... & Olivieri, L. (2020). A randomized, double-blind study comparing the efficacy and safety of trazodone once-a-day and venlafaxine extended-release for the treatment of patients with major depressive disorder. International clinical psychopharmacology, 35(3), 137."
Farabaugh 2015,BF,US,12,47.2,50,HAMD,18.69,4.71,Unclear risk,Unclear risk,High risk,Low risk,Unclear risk,High risk,Unclear risk,1,1,2,0,1,1,"Farabaugh, A., et al. (2015). ""Similar changes in cognitions following cognitive-behavioral therapy or escitalopram for major depressive disorder: Implications for mechanisms of change."" Annals of clinical psychiatry 27(2): 118-125."
Fava 1998a,CFB,US,12,41.3,51,HAMD,23.53,3.48,Unclear risk,Unclear risk,Low risk,Unclear risk,Low risk,Unclear risk,High risk,1,1,0,1,0,0,"Fava, M., Amsterdam, J. D., Deltito, J. A., Salzman, C., Schwaller, M., & Dunner, D. L. (1998). A Double-Blind Study of Paroxetine, Fluoxetine, and Placebo an Outpatients with Major Depression. Annals of Clinical Psychiatry, 10(4), 145-150."
Fava 2002a,CFB,US,4,42.9,60,HAMD,20.71,4.36,Unclear risk,Unclear risk,Low risk,Unclear risk,Low risk,Unclear risk,High risk,1,1,0,1,0,0,"Fava, M., Hoog, S. L., Judge, R. A., Kopp, J. B., Nilsson, M. E., & Gonzales, J. S. (2002). Acute efficacy of fluoxetine versus sertraline and paroxetine in major depressive disorder including effects of baseline insomnia. Journal of clinical psychopharmacology, 22(2), 137-147."
Fava 2005,BF,US,12,37.2,59,HAMD,19.74,2.99,Unclear risk,Unclear risk,Low risk,Unclear risk,Unclear risk,Unclear risk,High risk,1,1,0,1,1,0,"Fava M, Alpert J, Nierenberg AA, Mischoulon D, Otto MW, Zajecka J, Murck H, Rosenbaum JF. A double-blind, randomized trial of St John's wort, fluoxetine, and placebo in major depressive disorder. Journal of clinical psychopharmacology. 2005 Oct 1;25(5):441-7."
Fawcett 1989,BF,US,6,42.2,65,HAMD,23.55,NA,Unclear risk,Unclear risk,Low risk,Unclear risk,Unclear risk,Unclear risk,High risk,1,1,0,1,1,0,"Fawcett J, Zajecka J, Kravitz H. Fluoxetine vs amitriptyline in adult inpatients with major depression. Current Therapeutic Research 1989;45:821-832."
Feighner 1982,BIN,US,6,NA,71,HAMD,27.09,4.11,Unclear risk,Unclear risk,Low risk,Unclear risk,High risk,Unclear risk,Unclear risk,1,1,0,1,2,1,"Feighner, J. P., Meridith, C. H., Dutt, J. E., & Hendrickson, G. G. (1982). A double blind comparison of lofepramine, imipramine and placebo in patients with depression. Acta Psychiatrica Scandinavica, 66, 100-108"
Finkel 1999,BIN,US,12,74.4,53,HAMD,24.84,4.67,Low risk,Unclear risk,Low risk,Unclear risk,Low risk,High risk,High risk,0,1,0,1,0,0,"Finkel, S. I., Richter, E. M., Clary, C. M., & Batzar, E. (1999). Comparative efficacy of sertraline vs. fluoxetine in patients age 70 or over with major depression. American Journal of Geriatric Psychiatry, 7(3), 221-227."
Fonagy 2019,BF,UK,26,37.9,66,HAMD,18.54,4.92,Low risk,Low risk,High risk,Low risk,Low risk,Low risk,Unclear risk,0,0,2,0,0,1,"Fonagy, P., Lemma, A., Target, M., O'Keeffe, S., Constantinou, M. P., Ventura Wurman, T., . . . Pilling, S. (2019). Dynamic interpersonal therapy for moderate to severe depression: a pilot randomized controlled and feasibility trial. Psychological medicine, 1-10. doi:https://dx.doi.org/10.1017/S0033291719000928"
Forest Laboratories 2000,CFB,US,8,42,52,MADRS,28.6,4.77,Unclear risk,Unclear risk,Low risk,Unclear risk,Low risk,Unclear risk,High risk,1,1,0,1,0,0,"Forest Laboratories Inc. Flexible dose comparison of the saftey and efficacy of lu 26-054, citalopram, and placebo in the treatment of major depressive disorder (SCT-MD-02). Report date: December 5, 2000."
Forest Laboratories 2010,CFB,US,8,41.2,66,HAMD,29,NA,Unclear risk,Unclear risk,Low risk,Unclear risk,Unclear risk,Low risk,High risk,1,1,0,1,1,0,https://clinicaltrials.gov/ct2/show/NCT00668525
Forest Research Institute 2003,CFB,US,8,39,61,HAMD,30.04,3.87,Unclear risk,Unclear risk,Low risk,Unclear risk,Low risk,Unclear risk,High risk,1,1,0,1,0,0,"Forest Research Institute. Two-week double-blind placebo controlled study of escitalopram in the treatment of severe major depression. Report date: November 26, 2003"
Forest Research Institute 2004a,CFB,US,8,37,65,MADRS,30.3,4.74,Unclear risk,Unclear risk,Low risk,Unclear risk,Low risk,Unclear risk,High risk,1,1,0,1,0,0,"Forest Research Institute. Flexible dose comparison of the safety and efficacy of escitalopram and fluoxetine in the treatment of major depressive disorder (SCT-MD-16). Report date: July 26, 2004."
Forest Research Institute 2005,CFB,US,8,40,56,MADRS,30.4,4.61,Unclear risk,Unclear risk,Low risk,Unclear risk,Low risk,High risk,High risk,1,1,0,1,0,0,"Forest Research Institute. A double-blind flexible dose comparison of escitalopram sertraline and placebo in the treatment of major depressive disorder. Report date: February 7, 2005"
Forlenza 2001,CFB,Brazil,8,68.5,69,MADRS,29,5.03,Unclear risk,Unclear risk,Low risk,Unclear risk,Low risk,Unclear risk,High risk,1,1,0,1,0,0,"Forlenza, O. V., Almeida, O. P., Stoppe, A., Hirata, E. S., & Ferreira, R. C. (2001). Antidepressant efficacy and safety of low-dose sertraline and standard-dose imipramine for the treatment of depression in older adults: results from a double-blind, randomized, controlled clinical trial. International psychogeriatrics, 13(1), 75-84."
Freed 1999,BF,Australia,9,48,65,MADRS,31.53,6.32,Low risk,Low risk,Low risk,Unclear risk,Low risk,High risk,High risk,0,0,0,1,0,0,"Freed E, Goldney R, Lambert TT. A double-blind, multicentre study to assess the tolerability and efficacy of paroxetine compared with amitriptyline in the treatment of depressed patients in Australian general practice. Australian and New Zealand Journal of Psychiatry 1999;33:416-421."
Fu 2003,BF,China,8,31.2,73,HAMD,30.58,4.9,Unclear risk,Unclear risk,High risk,Unclear risk,Unclear risk,High risk,Unclear risk,1,1,2,1,1,1,Fu WB. Observations on the curative effect of acupuncture on depressive neurosis. Journal of Acupuncture and Tuina Science 2003;1(4):15–7.
Fudge 1990,BF,US,6,NA,NA,HAMD,23.39,2.86,Unclear risk,Unclear risk,Low risk,Unclear risk,Low risk,High risk,High risk,1,1,0,1,0,0,"Fudge JL, Perry PJ, Garvey MJ, Kelly MW. A comparison of the effect of fluoxetine and trazodone on the cognitive functioning of depressed outpatients. Journal of Affective Disorders 1990 Apr;18(4):275-80."
GSK_29060/103,CFB,UK,8,75.3,74,MADRS,31.23,5.82,Unclear risk,Unclear risk,Low risk,Unclear risk,Unclear risk,Low risk,High risk,1,1,0,1,1,0,"GlaxoSmithKline, 1993. A Double-Blind, multicentre study com- paring the Efficacy, tolerability and effects on cognitive func- tion of paroxetine with those of lofepramine in elderly de- pressed hospital In- or Out-Patients. GSK - Clinical Study Register  29060/103"
Gagiano 1993,BIN,South Africa,6,38.7,80,HAMD,24.75,4.83,Unclear risk,Unclear risk,Low risk,Unclear risk,Low risk,High risk,High risk,1,1,0,1,0,0,"Gagiano, C. A. (1993). A double blind comparison of paroxetine and fluoxetine in patients with major depression. British Journal of Clinical Research, 4, 145-152."
Gater 2010,BF,UK,12,41.7,100,HAMD,19.13,5.93,High risk,Unclear risk,High risk,Low risk,Low risk,High risk,Unclear risk,2,1,2,0,0,1,"Gater R, Waheed W, Husain N, Tomenson B, Aseem S, Creed F. Social intervention for British Pakistani women with depression: randomised controlled trial. The British Journal of Psychiatry. 2010 Sep 1;197(3):227-33."
Gentil 2000,BIN,Brazil,8,38.5,81,HAMD,24.21,3.1,Unclear risk,Unclear risk,Low risk,Unclear risk,Low risk,High risk,High risk,1,1,0,1,0,0,"Gentil V, Kerr-Correa F, Moreno R, Busnello ED, de Campos JA, Juruena MF, Lafer B, Moreno DH, de Cassia Rodrigues Rosa L, Tiosso A, Benedictis E. Double-blind comparison of venlafaxine and amitriptyline in outpatients with major depression with or without melancholia. Journal of Psychopharmacology 1961;14(1):Ltd."
Georgotas 1982,BF,US,4,38,33,HAMD,28.55,5.56,High risk,Unclear risk,Low risk,Unclear risk,Unclear risk,High risk,High risk,2,1,0,1,1,1,"Georgotas, A., Krakowski, M., & Gershon, S. (1982). Controlled trial of zimelidine, a 5-HT reuptake inhibitor, for treatment of depression. American Journal of Psychiatry, 139, 1057-1058"
Gerber 2020,BF,Switzerland,6,38.1,52,BDI,26.4,8.6,Low risk,Unclear risk,Unclear risk,Unclear risk,Unclear risk,High risk,Low risk,0,1,1,1,1,0,"Gerber, M., Imboden, C., Beck, J., Brand, S., Colledge, F., Eckert, A., ... & Hatzinger, M. (2020). Effects of Aerobic Exercise on Cortisol Stress Reactivity in Response to the Trier Social Stress Test in Inpatients with Major Depressive Disorders: A Randomized Controlled Trial. Journal of Clinical Medicine, 9(5), 1419."
Godlewska 2012,BF,UK,1,31.6,55,HAMD,23.75,5.09,Unclear risk,Unclear risk,Low risk,Unclear risk,Unclear risk,High risk,Unclear risk,1,1,0,1,1,0,"Godlewska, B. R., Norbury, R., Selvaraj, S., Cowen, P. J., & Harmer, C. J. (2012). Short-term SSRI treatment normalises amygdala hyperactivity in depressed patients. Psychological medicine, 42(12), 2609-2617."
Golden 2002_448,CFB,US,12,39,NA,HAMD,23.23,NA,Unclear risk,Unclear risk,Low risk,Unclear risk,Low risk,Low risk,High risk,1,1,0,1,0,0,"Golden RN, Nemeroff CB, McSorley P, Pitts CD, Dube EM. Efficacy and tolerability of controlled-release and immediate-release paroxetine in the treatment of depression. Journal of Clinical Psychiatry 2002;63(7):577-584."
Golden 2002_449,CFB,US,12,41.2,NA,HAMD,23.67,NA,Unclear risk,Unclear risk,Low risk,Unclear risk,Low risk,Low risk,High risk,1,1,0,1,0,0,"Golden RN, Nemeroff CB, McSorley P, Pitts CD, Dube EM. Efficacy and tolerability of controlled-release and immediate-release paroxetine in the treatment of depression. Journal of Clinical Psychiatry 2002;63(7):577-584."
Goldstein 2002,BF,US,8,41.4,64,HAMD,18.63,4.49,Unclear risk,Unclear risk,Low risk,Unclear risk,Low risk,High risk,High risk,1,1,0,1,0,0,"Goldstein, D. J., Mallinckrodt, C., Lu, Y., & Demitrack, M. A. (2002). Duloxetine in the treatment of major depressive disorder: a double-blind clinical trial. Journal of Clinical Psychiatry, 63, 225- 231"
Goldstein 2004,BIN,US,8,40.3,63,HAMD,17.63,4.97,Low risk,Unclear risk,Low risk,Unclear risk,Low risk,High risk,High risk,0,1,0,1,0,0,"Goldstein, D. J., Lu, Y., Detke, M. J., Wiltse, C., Mallinckrodt, C., & Demitrack, M. A. (2004). Duloxetine in the treatment of depression: a double-blind placebo-controlled comparison with paroxetine. Journal of Clinical Psychopharmacology, 24, 389-399."
Gual 2003,BIN,Spain,24,46.7,47,MADRS,22.56,7.39,Unclear risk,Low risk,Low risk,Unclear risk,Low risk,High risk,Unclear risk,1,0,0,1,0,0,"Gual, A., Balcells, M., Torres, M., Madrigal, M., Diez, T., & Serrano, L. (2003). Sertraline for the prevention of relapse in detoxicated alcohol dependent patients with a comorbid depressive disorder: A randomized controlled trial. Alcohol and Alcoholism, 38(6), 619-625. doi:http://dx.doi.org/10.1093/alcalc/agg124"
Guelfi 1995,CFB,France,4,56,85,HAMD,28.51,4.01,Unclear risk,Unclear risk,Low risk,Unclear risk,High risk,High risk,High risk,1,1,0,1,2,1,"Guelfi JD, White C, Hackett D, Guichoux JY, Magni G. Effectiveness of venlafaxine in patients hospitalized for major depression and melancholia. Journal of Clinical Psychiatry 1995;56(10):450-458."
Guelfi 2001,BF,"France, Belgium, Denmark, & Netherlands",8,45.2,66,MADRS,34.35,5.49,Unclear risk,Low risk,Low risk,Unclear risk,Low risk,High risk,High risk,1,0,0,1,0,0,"Guelfi JD, Ansseau M, Timmerman L, Korsgaard S, Mirtazapine-Venlafaxine Study Group. Mirtazapine versus venlafaxine in hospitalized severely depressed patients with melancholic features. Journal of Clinical Psychopharmacology 2001;21(4):425-431."
Hamamci 2006,BF,Turkey,12,NA,NA,BDI,28.55,7.89,Unclear risk,Unclear risk,High risk,Unclear risk,Unclear risk,High risk,Unclear risk,1,1,2,1,1,1,Hamamci Z. Integrating psychodrama and cognitive behavioral therapy to treat moderate depression. The Arts in Psychotherapy. 2006 Dec 31;33(3):199-207.
Hamdan-Mansour 2009,BF,Jordan,10,NA,45,BDI,24.24,9.44,Low risk,Low risk,High risk,Unclear risk,Low risk,Unclear risk,Low risk,0,0,2,1,0,1,"Hamdan-Mansour AM, Puskar K, Bandak AG. Effectiveness of cognitive-behavioral therapy on depressive symptomatology, stress and coping strategies among Jordanian university students. Issues in Mental Health Nursing. 2009;30(3):188-96."
Hao 2014,CFB,China,6,38.5,59,HAMD,23.7,NA,Unclear risk,Unclear risk,Low risk,Unclear risk,Low risk,High risk,High risk,1,1,0,1,0,0,"Hao X, Yang F, Kuang H, Shi J, Du B, Zhang K, Zhang H. Duloxetine hydrochloride enteric tablets in the treatment of major depressive disorder: a multicentre, randomised, double-blind and positive drug parallel controlled clinical trial. Chinese Journal of new Drugs. 2014;23:2767-2780."
Hashemi 2012,CFB,Iran,26,34.8,53,BDI,32.98,6.33,Unclear risk,Unclear risk,Low risk,Unclear risk,Unclear risk,High risk,Unclear risk,1,1,0,1,1,0,"Hashemi SN, Shirazi HG, Mohammadi A, Zadeh-Bagheri GH, Noorian KH, Malekzadeh M. Nortriptyline versus fluoxetine in the treatment of major depressive disorder: a six-month, double-blind clinical trial. Clinical pharmacology: advances and applications. 2012;4:1."
Hatcher 2018,CFB,New Zealand,12,42.6,54,PHQ-9,17.5,5.4,Unclear risk,Low risk,High risk,Unclear risk,Unclear risk,Low risk,Unclear risk,1,0,2,1,1,1,"Hatcher, S., Whittaker, R., Patton, M., Miles, W. S., Ralph, N., Kercher, K., & Sharon, C. (2018). Web-based therapy plus support by a coach in depressed patients referred to secondary mental health care: Randomized controlled trial. Journal of medical Internet research, 20 (1) (no pagination)(e5). doi:http://dx.doi.org/10.2196/mental.8510"
Heller 2009,BF,US,26,31.9,55,HAMD,20.69,2.39,Unclear risk,Unclear risk,Low risk,Low risk,Low risk,Low risk,High risk,1,1,0,0,0,0,Heller AS. Brain Imaging Techniques That Predict Antidepressant Responsiveness (WyethKolden). NCT00909155. Available from: https://clinicaltrials.gov/ct2/show/results/NCT00909155 [accessed Augist 2019]
Hemat-Far 2012,BF,Iran,8,NA,100,BDI,24.4,4.91,Unclear risk,Unclear risk,High risk,Unclear risk,Low risk,Unclear risk,Unclear risk,1,1,2,1,0,1,"Hemat-Far A, Shahsavari A, Roholla Mousavi S. Effects of selected aerobic exercises on the depression and concentrations of plasma serotonin in the depressed female students aged 18 to 25. Journal of Applied Research in Clinical and Experimental Therapeutics. 2012;12(1):47."
Hermens 2007,BF,Netherlands,13,46,73,MADRS,23.91,10.53,Low risk,Low risk,High risk,Unclear risk,Low risk,High risk,Low risk,0,0,2,1,0,1,"Hermens ML , van Hout HP , Terluin B  et al.  . Clinical effectiveness of usual care with or without antidepressant medication for primary care patients with minor or mild-major depression: a randomized equivalence trial. BMC Med  2007; 5: 36."
Hersen 1984,BF,US,12,NA,100,HAMD,23.08,5.99,Unclear risk,Unclear risk,High risk,Low risk,High risk,Unclear risk,Low risk,1,1,2,0,2,1,"Hersen M, Himmelhoch JM, Thase ME, Bellack AS. Effects of social skill training, amitriptyline, and psychotherapy in unipolar depressed women. Behavior Therapy. 1984 Jan 31;15(1):21-40."
Hewett 2009,BIN,NR,8,42.2,70,MADRS,30.21,4.71,Unclear risk,Unclear risk,Low risk,Unclear risk,Low risk,High risk,High risk,1,1,0,1,0,0,"Hewett, K., et al. (2009) Eight-week, placebo-controlled, double-blind comparison of the antidepressant efficacy and tolerability of bupropion XR and venlafaxine XR. Journal of psychopharmacology (Oxford, England) 23, 531-538 DOI: 10.1177/0269881108089602"
Hewett 2010,CFB,NR,8,44.3,68,MADRS,30.35,5.16,Unclear risk,Unclear risk,Low risk,Unclear risk,Low risk,Unclear risk,High risk,1,1,0,1,0,0,"Hewett, K., et al. (2010) Double-blind, placebo-controlled comparison of the antidepressant efficacy and tolerability of bupropion XR and venlafaxine XR. Journal of psychopharmacology (Oxford, England) 24, 1209-1216 DOI: 10.1177/0269881109106953"
Hieronymus 2016_PZ/109,BF,US,8,NA,63,HAMD,21.75,3.4,Unclear risk,Unclear risk,Unclear risk,Unclear risk,Low risk,High risk,High risk,1,1,1,1,0,0,"Hieronymus F, Emilsson JF, Nilsson S, Eriksson E. Consistent superiority of selective serotonin reuptake inhibitors over placebo in reducing depressed mood in patients with major depression. Mol Psychiatry. 2016 Apr;21(4):523-30."
Hieronymus 2016_PZ/111,BF,US,8,NA,69,HAMD,24.23,2.18,Unclear risk,Unclear risk,Unclear risk,Unclear risk,Low risk,High risk,High risk,1,1,1,1,0,0,"Hieronymus F, Emilsson JF, Nilsson S, Eriksson E. Consistent superiority of selective serotonin reuptake inhibitors over placebo in reducing depressed mood in patients with major depression. Mol Psychiatry. 2016 Apr;21(4):523-30."
Higuchi 2009,CFB,Japan,6,38.4,NA,HAMD,20.4,NA,Low risk,Low risk,Low risk,Unclear risk,Low risk,Low risk,High risk,0,0,0,1,0,0,"Higuchi T, Murasaki M, Kamijima K. Clinical evaluation of duloxetine in the treatment of major depressive disorder placebo and paroxetine controlled double-blind comparative study. Japanese Journal of Clinical Psychopharmacology 2009;12:1613-34"
Higuchi 2011,CFB,Japan & Korea,8,36.4,55,HAMD,22.66,2.67,Unclear risk,Unclear risk,Low risk,Low risk,Low risk,Low risk,High risk,1,1,0,0,0,0,"Higuchi, T., et al. (2011) Paroxetine controlled-release formulation in the treatment of major depressive disorder: a randomized, double-blind, placebo-controlled study in Japan and Korea. Psychiatry and clinical neurosciences 65, 655-663 DOI: 10.1111/j.1440-1819.2011.02243.x"
Higuchi 2016,CFB,Japan,8,38.4,NA,MADRS,32.9,4.78,Unclear risk,Unclear risk,Low risk,Low risk,Low risk,Low risk,High risk,1,1,0,0,0,0,"Higuchi, T., et al. (2016). ""A randomized, double-blinded, placebo-controlled study to evaluate the efficacy and safety of venlafaxine extended release and a long-term extension study for patients with major depressive disorder in Japan."" International clinical psychopharmacology 31(1): 8-19."
Hojatifar 2017,BF,Iran,8,NA,100,BDI-II,44.74,8.99,Unclear risk,Unclear risk,High risk,Unclear risk,Unclear risk,High risk,Unclear risk,1,1,2,1,1,1,"Hojatifar, Y., Zadeh, M. H., & Dortaj, F. (2017). The effectiveness of mindfulness on the reduction of anxiety and depression of divorced women. Indian Journal of Public Health Research and Development, 8(4), 23-27. doi:http://dx.doi.org/10.5958/0976-5506.2017.00306.0"
Hollon 1992,BF,US,12,32.6,80,HAMD,23.85,4.85,Unclear risk,Unclear risk,High risk,Low risk,Low risk,Unclear risk,High risk,1,1,2,0,0,1,"Hollon, S. D., DeRubeis, R. J., Evans, M. D., Wiemer, M. J., Garvey, M. J., Grove, W. M. & Tuason, V. B. (1992). Cognitive therapy and pharmacotherapy for depression. Singly and in combination. Arch Gen Psychiatry 49, 774-81."
Hong 2003,BIN,Taiwan,6,47.2,63,HAMD,23.7,5.1,Unclear risk,Unclear risk,Low risk,Unclear risk,Low risk,High risk,High risk,1,1,0,1,0,0,"Hong, C. J., Hu, W. H., Chen, C. C., Hsiao, C. C., Tsai, S. J., & Ruwe, F. J. (2003). A double-blind, randomized, group-comparative study of the tolerability and efficacy of 6 weeks' treatment with mirtazapine or fluoxetine in depressed Chinese patients. The Journal of clinical psychiatry, 64(8), 921-926."
Hopko 2003,BF,US,2,30.5,36,BDI,36.3,11.24,Unclear risk,Unclear risk,High risk,Unclear risk,Low risk,Unclear risk,Unclear risk,1,1,2,1,0,1,"Hopko, D. R., Lejuez, C. W., Lepage, J. P., Hopko, S. D., & McNeil, D. W. (2003). A brief behavioral activation treatment for depression: A randomized pilot trial within an inpatient psychiatric hospital. Behavior modification, 27(4), 458-469."
Hoyberg 1996,BF,Norway & UK,6,70.5,83,MADRS,31.46,6.68,Unclear risk,Unclear risk,Low risk,Unclear risk,Low risk,Unclear risk,High risk,1,1,0,1,0,0,"Hoyberg OJ, Maragakis B, Mullin J, Norum D, Stordall E, Ekdahl P, Ose E, Moksnes KM, Sennef C. A double-blind multicentre comparison of mirtazapine and amitriptyline in elderly depressed patients. Acta Psychiatrica Scandinavica 1996;93(3):184-190."
Hsu 2011,BF,China,6,40.7,60,MADRS,37.400000000000006,5.21,Unclear risk,Unclear risk,Low risk,Unclear risk,Low risk,High risk,Low risk,1,1,0,1,0,0,"Hsu J-W, Su T-P, Huang C-Y, Chen Y-S, Chou Y-H. Faster onset of antidepressant effects of citalopram compared with sertraline in drug-naive first-episode major depressive disorder in a Chinese population: A 6-week double-blind, randomized comparative study. Journal of Clinical Psychopharmacology 2011;31(5):577-81."
Hunter 2011,BF,US,8,40.4,65,HAMD,22,4.09,Unclear risk,Unclear risk,Low risk,Unclear risk,Low risk,High risk,High risk,1,1,0,1,0,0,"Hunter, A. M., Cook, I. A., Greenwald, S., Tran, M. L., Miyamoto, K. N., & Leuchter, A. F. (2011). The Antidepressant Treatment Response (ATR) index and treatment outcomes in a placebo-controlled trial of fluoxetine. Journal of clinical neurophysiology: official publication of the American Electroencephalographic Society, 28(5), 478."
Husain 2014,BIN,Pakistan,12,31.3,100,HAMD,20.5,3.94,Low risk,Low risk,High risk,Low risk,Low risk,Low risk,Unclear risk,0,0,2,0,0,1,"Husain N, Chaudhry N, Fatima B, Husain M, Amin R, Chaudhry IB, Rahman RU, Tomenson B, Jafri F, Naeem F, Creed F. Antidepressant and group psychosocial treatment for depression: a rater blind exploratory RCT from a low income country. Behavioural and cognitive psychotherapy. 2014 Nov;42(6):693-705."
Hwang 2004,BIN,Taiwan,4,65.1,58,HAMD,27.1,5.83,Unclear risk,Unclear risk,High risk,High risk,Low risk,High risk,Low risk,1,1,2,2,0,1,"Hwang J-P, Yang C-H, Tsai S-J (2004) Comparison study of venlafaxine and paroxetine for the treatment of depression in elderly Chinese inpatients. Int J Geriatr Psychiatry 19:189–190"
Jacobson 1996,BF,US,NA,38,75,BDI,29.44,6.58,High risk,Unclear risk,High risk,Unclear risk,Low risk,Unclear risk,Low risk,2,1,2,1,0,1,"Jacobson, N.S., Dobson, K.S., Truax, P.A., et al. (1996) A component analysis of cognitive-behavioural treatment for depression. Journal of Consulting and Clinical Psychology, 64 (2), 295-304."
Jamison 1995,BF,US,4,38,84,HAMD,19.8,4.16,High risk,Unclear risk,High risk,Unclear risk,Low risk,Unclear risk,Unclear risk,2,1,2,1,0,1,"Jamison C. The outcome of cognitive bibliotherapy with depressed adults. Journal of Consulting & Clinical Psychology 63(4):644-50, 1995."
Janakiramaiah 2000,BF,India,4,39.7,37,HAMD,23.9,6.13,Unclear risk,Unclear risk,High risk,Unclear risk,Unclear risk,High risk,Unclear risk,1,1,2,1,1,1,"Janakiramaiah, N., Gangadhar, B. N., Murthy, P. N. V., Harish, M. G., Subbakrishna, D. K., & Vedamurthachar, A. (2000). Antidepressant efficacy of Sudarshan Kriya Yoga (SKY) in melancholia: a randomized comparison with electroconvulsive therapy (ECT) and imipramine. Journal of affective disorders, 57(1-3), 255-259."
Jefferson 2000,CFB,US,6,39.9,NA,MADRS,31.38,NA,Unclear risk,Unclear risk,Low risk,Unclear risk,Low risk,Low risk,High risk,1,1,0,1,0,0,"Jefferson J, Griest J. A double-blind, placebo controlled, fixed-dosage study comparing the efficacy and tolerability of paroxetine CR and citalopram to placebo in the treatment of Major Depressive Disorder with anxiety. American College of Neuropsychopharmacology, 39th Annual Meeting 12/11/2000 San Juan, Puerto Rico."
Jeong 2015,BF,Korea,6,48.1,71,MADRS,30.8,5.8,Low risk,Unclear risk,High risk,Low risk,Unclear risk,High risk,High risk,0,1,2,0,1,1,"Jeong, J. H., et al. (2015). ""Efficacy and safety of generic escitalopram (Lexacure) in patients with major depressive disorder: A 6-week multicenter, randomized, rater-blinded, escitalopram-comparative, non-inferiority study."" Neuropsychiatric disease and treatment 11: 2557-2564."
Jiahui 2006,BF,China,4,NA,NA,HAMD,35.72,11.3,Unclear risk,Unclear risk,High risk,Unclear risk,Unclear risk,High risk,Unclear risk,1,1,2,1,1,1,"Jiahui, Z. H. A. O., & Peng, S. A. N. G. (2006). Clinical observation on acupuncture treatment of depressive neurosis in 30 cases. Journal of traditional Chinese medicine= Chung i tsa chih ying wen pan, 26(3), 191."
Jordan 2014,BIN,New Zealand,12,36,48,MADRS,23.61,7.44,Low risk,Low risk,High risk,Unclear risk,Low risk,Low risk,Low risk,0,0,2,1,0,1,"Jordan J, Carter JD, McIntosh VV, Fernando K, Frampton CM, Porter RJ, et al. Metacognitive therapy versus cognitive behavioural therapy for depression: a randomized pilot study. The Australian and New Zealand journal of psychiatry. 2014;48(10):932-43."
Judd 2001,BF,Australia,12,37.5,77,BDI,32.95,9.08,Unclear risk,Unclear risk,High risk,Unclear risk,Low risk,Unclear risk,Unclear risk,1,1,2,1,0,1,"Judd, F. K., Piterman, L., Cockram, A. M., McCall, L. & Weissman, M. M. (2001). A comparative study of venlafaxine with a focused education and psychotherapy program versus venlafaxine alone in the treatment of depression in general practice. Human Psychopharmacol ogy 16, 423-428."
Kampman 1978,BF,Finland,9,45,64,HAMD,26.44,5.74,Unclear risk,Unclear risk,Low risk,Unclear risk,Unclear risk,Unclear risk,Unclear risk,1,1,0,1,1,0,"Kampman R, Nummikko-Pelkonen A, Kuha S. Tricyclic antidepressants in the treatment of depression. Acta Psychiatrica Scandinavica 1978;58:142-148."
Kang 2009,CFB,Korea,8,46.8,77,HAMD,25.96,4.96,Low risk,Unclear risk,High risk,Unclear risk,Low risk,Unclear risk,High risk,0,1,2,1,0,1,"Kang, E. H., et al. (2009) Mirtazapine versus venlafaxine for the treatment of somatic symptoms associated with major depressive disorder: a randomized, open-labeled trial. Psychiatry Research 169, 118-123 DOI: 10.1016/j.psychres.2008.06.021"
Kanter 2015,BF,US,12,38.1,79,HAMD,20.93,4.5,Low risk,Unclear risk,High risk,Low risk,High risk,High risk,Low risk,0,1,2,0,2,1,"Kanter JW, Santiago-Rivera AL, Santos MM, Nagy G, López M, Hurtado GD, West P. A randomized hybrid efficacy and effectiveness trial of behavioral activation for Latinos with depression. Behavior therapy. 2015 Mar 31;46(2):177-92."
Kasper 2005a,BIN,"Belgium, Czech Republic, France, Greece, Hungary, Italy, Netherlands, Slovakia, Spain, Sweden, UK",8,75,76,MADRS,28.6,4.2,Unclear risk,Unclear risk,Low risk,Unclear risk,Low risk,High risk,High risk,1,1,0,1,0,0,"Kasper, S., Swart, H. & Andersen, H.F. (2005) Escitalopram in the treatment of depressed elderly patients. American Journal of Geriatric Psychiatry, 13, 884-891."
Kasper 2005b,CFB,"Austria, Czech Republic, Hungary, Poland & Slovak Republic",6,43.9,63,HAMD,20.95,1.54,High risk,Unclear risk,Low risk,Unclear risk,Low risk,Unclear risk,High risk,2,1,0,1,0,1,"Kasper S, Olivieri L, Di loreto G, Dionisio P. A comparative, randomised, double-blind study of trazodone prolonged-release and paroxetine in the treatment of patients with major depressive disorder. Current Medical Research and Opinion 2005;21(8):1139-46."
Kasper 2012,CFB,Russia & Austria,8,41.9,71,MADRS,35.16,4.27,Low risk,Low risk,Low risk,High risk,Unclear risk,Low risk,High risk,0,0,0,2,1,1,"Kasper S, Ebert B, Larsen K, Tonnoir B. Combining escitalopram with gaboxadol provides no additional benefit in the treatment of patients with severe major depressive disorder. Int J Neuropsychopharmacol. 2012 Jul;15(6):715-25."
Katona 2012,CFB,"Canada, Finland, France, Germany, Sweden, Ukraine & US",8,70.6,64,HAMD,28.95,5.01,Low risk,Low risk,Low risk,Unclear risk,Low risk,Unclear risk,High risk,0,0,0,1,0,0,"Katona, C., et al. (2012) A randomized, double-blind, placebo-controlled, duloxetine-referenced, fixed-dose study comparing the efficacy and safety of Lu AA21004 in elderly patients with major depressive disorder. International clinical psychopharmacology 27, 215-223 DOI: 10.1097/YIC.0b013e3283542457"
Katz 1990,BF,US,7,84.1,93,HAMD,22.66,3.44,Unclear risk,Unclear risk,Low risk,Unclear risk,High risk,Unclear risk,High risk,1,1,0,1,2,1,"Katz, I. R., Simpson, G. M., Curlik, S. M., et al. (1990). Pharmacologic treatment of major depression for elderly patients in residential care settings. Journal of Clinical Psychiatry, 51 (Suppl.), 41-47."
Katz 1993_Protocol 01,CFB,Switzerland,4,43.6,49,HAMD,22.86,NA,Unclear risk,Unclear risk,Low risk,Unclear risk,Unclear risk,High risk,High risk,1,1,0,1,1,0,"Katz RJ, Lott M, Landau P, Waldmeier P. A clinical test of noradrenergic involvement in the therapeutic mode of action of an experimental antidepressant. Biological Psychiatry 1993;33:261–6."
Katz 1993_Protocol 03,CFB,Switzerland,4,43.6,57,HAMD,24.4,NA,Unclear risk,Unclear risk,Low risk,Unclear risk,Unclear risk,High risk,High risk,1,1,0,1,1,0,"Katz RJ, Lott M, Landau P, Waldmeier P. A clinical test of noradrenergic involvement in the therapeutic mode of action of an experimental antidepressant. Biological Psychiatry 1993;33:261–6."
Kay-Lambkin 2009,BF,Australia,15,35.4,54,BDI-II,31.93,9.55,Low risk,Low risk,High risk,Unclear risk,Unclear risk,High risk,Low risk,0,0,2,1,1,1,"Kay‐Lambkin FJ, Baker AL, Lewin TJ, Carr VJ. Computer‐based psychological treatment for comorbid depression and problematic alcohol and/or cannabis use: a randomized controlled trial of clinical efficacy. Addiction. 2009 Mar 1;104(3):378-88."
Kay-Lambkin 2011/2017,BF,Australia,12,40,43,BDI-II,31.73,9.18,Unclear risk,Unclear risk,High risk,Low risk,Unclear risk,High risk,Low risk,1,1,2,0,1,1,"Kay‐Lambkin, F. J., Baker, A. L., Kelly, B., & Lewin, T. J. (2011). Clinician‐assisted computerised versus therapist‐delivered treatment for depressive and addictive disorders: a randomised controlled trial. Medical Journal of Australia, 195, S44-S50."
Keller 2006_Study 062,CFB,Cross-continental,8,41,67,HAMD,28.3,NA,Unclear risk,Unclear risk,Low risk,Unclear risk,Low risk,Low risk,High risk,1,1,0,1,0,0,"Keller M, Montgomery S, Ball W, Morrison M, Snavely D, Liu G, Hargreaves R, Hietala J, Lines C, Beebe K, Reines S. Lack of efficacy of the substance p (neurokinin1 receptor) antagonist aprepitant in the treatment of major depressive disorder. Biol Psychiatry. 2006 Feb 1;59(3):216-23."
Kennedy 2005,CFB,US,8,37.1,NA,HAMD,26.2,NA,Unclear risk,Unclear risk,Low risk,Unclear risk,Low risk,Low risk,High risk,1,1,0,1,0,0,"Kennedy SH, Anderson HF, Lam RW. A pooled analysis of selective serotonin reuptake inhibitors and venlafaxine. Poster presented at the American Psychiatric Association, May 2005."
Kennedy 2007,BF,Canada,16,35.6,63,HAMD,21.900000000000002,7.07,Unclear risk,Unclear risk,High risk,Unclear risk,Unclear risk,Unclear risk,High risk,1,1,2,1,1,1,"Kennedy, S. H., Konarski, J. Z., Segal, Z. V., Lau, M. A., Bieling, P. J., McIntyre, R. S. & Mayberg, H. S. (2007). Differences in brain glucose metabolism between responders to CBT and venlafaxine in a 16-week randomized controlled trial. Am J Psychiatry 164, 778-88."
Khan 1991,BF,US,6,40.6,56,HAMD,25.56,3.38,Unclear risk,Unclear risk,Low risk,Unclear risk,Unclear risk,High risk,High risk,1,1,0,1,1,0,"Khan A, Fabre LF, Rudolph R. Venlafaxine in depressed outpatients. Psychopharmacol Bull. 1991;27(2):141-144"
Khan 1995,CFB,UK,5,41.8,67,HAMD,22.25,3.45,High risk,Unclear risk,Low risk,Unclear risk,Low risk,Unclear risk,High risk,2,1,0,1,0,1,"Khan, M. C. (1995). A RANDOMIZED, DOUBLE-BLIND, PLACEBO-CONTROLLED, 5-WEEKS STUDY OF ORG-3770 (MIRTAZAPINE) IN MAJOR DEPRESSION. Human Psychopharmacology-Clinical and Experimental, 10, S119-S124."
Khan 2007,CFB,US,8,42.4,61,MADRS,31.3,3.84,Unclear risk,Unclear risk,Low risk,Unclear risk,Unclear risk,Unclear risk,High risk,1,1,0,1,1,0,"Khan, A., Bose, A., Alexopoulos, G. S., Gommoll, C., Li, D., Gandhi, C. (2007) Double-blind comparison of escitalopram and duloxetine in the acute treatment of major depressive disorder. Clinical Drug Investigation, 27, 481-492."
Kheirabadi 2020,BF,Iran,NA,NA,89,BDI-II,40.800000000000004,17.43,Unclear risk,Unclear risk,High risk,Unclear risk,Unclear risk,High risk,Low risk,1,1,2,1,1,1,"Kheirabadi, G. R., Yousefian, Z., Zargar, F., Bahrami, M., & Maracy, M. R. (2020). Citalopram and metacognitive therapy for depressive symptoms and cognitive emotion regulation in patients with major depressive disorder: A randomized controlled trial. Journal of Education and Health Promotion, 9."
Khoshnab 2017,CFB,Iran,8,51.2,100,BDI,29.31,5.4,Unclear risk,Unclear risk,High risk,Unclear risk,Unclear risk,High risk,Low risk,1,1,2,1,1,1,"Khoshnab, L. P., & Nikseresht, A. (2017). Comparison of the effect of aerobic exercise and antidepressant medications on depression and sexual desire of depressed middle-Aged Women. International Journal of Women's Health and Reproduction Sciences, 5(2), 119-122. doi:http://dx.doi.org/10.15296/ijwhr.2017.22"
Kim 2011,BIN,Korea,8,43.2,72,HAMD,22.95,2.88,Unclear risk,Unclear risk,High risk,Low risk,Low risk,High risk,High risk,1,1,2,0,0,1,"Kim, J. E., et al. (2011) Efficacy and tolerability of mirtazapine in treating major depressive disorder with anxiety symptoms: an 8-week open-label randomised paroxetine-controlled trial. International journal of clinical practice 65, 323-329 DOI: 10.1111/j.1742-1241.2010.02624.x"
Kinoshita 2009,CFB,Japan,6,39.7,NA,HAMD,22.57,NA,Unclear risk,Unclear risk,Low risk,Low risk,Low risk,Low risk,High risk,1,1,0,0,0,0,"Kinoshita T. A double-blind, placebo controlled study of a new antidepressant, mirtazapine, in depressed patients. Jpn J Clin Psychopharmacol 2009;12:289-306."
Komulainen 2018,BF,Finland,1,NA,44,MADRS,23.23,4.1,High risk,Unclear risk,Low risk,Unclear risk,Unclear risk,High risk,Unclear risk,2,1,0,1,1,1,"Komulainen, E., Heikkila, R., Nummenmaa, L., Raij, T. T., Harmer, C. J., Isometsa, E., & Ekelund, J. (2018). Short-term escitalopram treatment normalizes aberrant self-referential processing in major depressive disorder. Journal of Affective Disorders, 236, 222-229. doi:http://dx.doi.org/10.1016/j.jad.2018.04.096"
Kramer 2014,BF,Netherlands,9,19.5,79,CES-D,39.6,7.9,Low risk,Low risk,High risk,Unclear risk,Low risk,Low risk,Unclear risk,0,0,2,1,0,1,"Kramer J, Conijn B, Oijevaar P, Riper H. Effectiveness of a web-based solution-focused brief chat treatment for depressed adolescents and young adults: randomized controlled trial. Journal of medical internet research. 2014 May;16(5)"
Kranzler 2006_Group A,CFB,US,10,42.9,35,HAMD,20.62,3.49,High risk,Unclear risk,Low risk,Unclear risk,Unclear risk,High risk,High risk,2,1,0,1,1,1,"Kranzler, H. R., Mueller, T., Cornelius, J., Pettinati, H. M., Moak, D., Martin, P. R., ... & Hasin, D. (2006). Sertraline treatment of co-occurring alcohol dependence and major depression. Journal of clinical psychopharmacology, 26(1), 13-20."
Krejtz 2018,BF,Poland,2,35.1,67,CES-D,38.47,7.4,Low risk,Unclear risk,Unclear risk,Unclear risk,Unclear risk,High risk,Low risk,0,1,1,1,1,0,"Krejtz, I., Holas, P., Rusanowska, M., & Nezlek, J. B. (2018). Positive online attentional training as a means of modifying attentional and interpretational biases among the clinically depressed: An experimental study using eye tracking. J Clin Psychol, 74(9), 1594-1606"
Krogh 2012,BF,Denmark,12,41.6,67,HAMD,18.89,4.35,High risk,Low risk,High risk,Low risk,Low risk,Low risk,Unclear risk,2,0,2,0,0,1,"Krogh J, Videbech P, Thomsen C, Gluud C, Nordentoft M. DEMO-II trial. Aerobic exercise versus stretching exercise in patients with major depression—a randomised clinical trial. PloS one. 2012 Oct 31;7(10):e48316."
Lam 2013,CFB,Canada,12,43.3,55,MADRS,27.63,5,Low risk,Low risk,High risk,Low risk,Low risk,High risk,High risk,0,0,2,0,0,1,"Lam RW, Parikh SV, Ramasubbu R, Michalak EE, Tam EM, Axler A, Yatham LN, Kennedy SH, Manjunath CV. Effects of combined pharmacotherapy and psychotherapy for improving work functioning in major depressive disorder. The British Journal of Psychiatry. 2013 Nov 1;203(5):358-65."
Lam 2016,CFB,Canada,8,36.8,62,MADRS,26.6,4.8,Low risk,Low risk,Unclear risk,Low risk,Low risk,High risk,Unclear risk,0,0,1,0,0,0,"Lam RW, Levitt AJ, Levitan RD, Michalak EE, Cheung AH, Morehouse R, Ramasubbu R, Yatham LN, Tam EM. Efficacy of bright light treatment, fluoxetine, and the combination in patients with nonseasonal major depressive disorder: a randomized clinical trial. JAMA psychiatry. 2016 Jan 1;73(1):56-63."
Lee 2007,BF,"China, Korea, Taiwan & Brazil",8,38.5,70,HAMD,21.15,4.08,High risk,Unclear risk,Low risk,Unclear risk,Low risk,High risk,High risk,2,1,0,1,0,1,"Lee, P., Shu, L., Xu, X., Wang, C. Y., Lee, M. S., Liu, C. Y. et al. (2007). Once-daily duloxetine 60 mg in the treatment of major depressive disorder: multicenter, double-blind, randomized, paroxetine-controlled, non-inferiority trial in China, Korea, Taiwan and Brazil. Psychiatry & Clinical Neurosciences, 61, 295-307."
Legrand 2016,CFB,France,1.4,45.3,71,BDI-II,36.52,6.8,Low risk,Unclear risk,High risk,Unclear risk,Low risk,Low risk,Low risk,0,1,2,1,0,1,"Legrand, F. D., & Neff, E. M. (2016). Efficacy of exercise as an adjunct treatment for clinically depressed inpatients during the initial stages of antidepressant pharmacotherapy: An open randomized controlled trial. Journal of Affective Disorders, 191, 139-144. doi:http://dx.doi.org/10.1016/j.jad.2015.11.047"
Leinonen 1999,BF,"Denmark, Finland, Norway & Sweden",8,41.6,62,MADRS,29.35,4.7,High risk,Low risk,Low risk,Unclear risk,Low risk,High risk,High risk,2,0,0,1,0,1,"Leinonen E, Skarstein J, Behnke K, Agren H, Helsdingen JT, Ahokas A, Koponen H, Mehtonen O-P, Lepola U, Kinnunen I, Berle JO, Torvanger MS, Djerv L, Banach G, Drolsum B, Linderoth L, Melle KH, Hamnes A, Nissen-Meyer JR, Ketner M, Stordal E, Eide D, Kristiansen OS, Bahr B, Nielsen BM, Sogaard J, Borup A, Blomberg S, Haggstrom L, Staroscinski M, Hetta J, Portala K, Marteinsdottir I, Klingert M, Jacobson N-O, Arnell G, Sinner B, Swedborg A-C, Norberg B. Efficacy and tolerability of mirtazapine versus citalopram: A double-blind, randomized study in patients with major depressive disorder. International Clinical Psychopharmacology 1999;14(6):329-337."
Levin 2013,BF,US,12,35.1,26,HAMD,16.8,3.87,Low risk,Low risk,Low risk,Low risk,Low risk,High risk,High risk,0,0,0,0,0,0,"Levin, F. R., Mariani, J., Brooks, D. J., Pavlicova, M., Nunes, E. V., Agosti, V., . . . Carpenter, K. M. (2013). A randomized double-blind, placebo-controlled trial of venlafaxine-extended release for co-occurring cannabis dependence and depressive disorders. Addiction (Abingdon, England), 108(6), 1084-1094."
Li 2006,CFB,China,6,35.5,54,HAMD,23.75,NA,Low risk,Unclear risk,Low risk,Unclear risk,Unclear risk,High risk,Unclear risk,0,1,0,1,1,0,"Li,J., Shen, W.W., Liu,Y., Xu, L., Liu, S.M., Kuang, W.H. (2006) The effectiveness and safety of escitalopram in the treatment of major depression: A randomized double-blind active-drug controlled trial. Chinese Journal of Evidence-Based Medicine, 6, 552-556."
Lindegaard 2019,BF,Sweden,8,33.9,46,PHQ-9,18.3,4.99,Unclear risk,Unclear risk,High risk,Unclear risk,Low risk,Unclear risk,Low risk,1,1,2,1,0,1,"Lindegaard, T., Brohede, D., Koshnaw, K., Osman, S. S., Johansson, R., & Andersson, G. (2019). Internet‐based treatment of depressive symptoms in a Kurdish population: A randomized controlled trial. Journal of clinical psychology, 75(6), 985-998."
Loo 2002,BF,"Belgium, France & UK",8,NA,NA,HAMD,27.35,3.25,Unclear risk,Unclear risk,Low risk,Unclear risk,Low risk,Unclear risk,High risk,1,1,0,1,0,0,"Lôo H, Hale A, D'haenen H. Determination of the dose of agomelatine, a melatoninergic agonist and selective 5-HT(2C) antagonist, in the treatment of major depressive disorder: a placebo-controlled dose range study. Int Clin Psychopharmacol. 2002 Sep;17(5):239-47."
Luo 1985,BF,China,5,37.3,55,HAMD,28.88,6.13,Unclear risk,Unclear risk,High risk,Unclear risk,Unclear risk,High risk,Unclear risk,1,1,2,1,1,1,"Luo HC, Yunkui J, Zhan L. Electro-acupuncture versus amitriptyline in the treatment of depressive states. Journal of Traditional Chinese Medicine 1985;5(1):3–8."
M/2020/0046 (Study 046),CFB,US,8,39.4,69,HAMD,22.9,NA,Unclear risk,Unclear risk,Low risk,Unclear risk,Low risk,Low risk,High risk,1,1,0,1,0,0,https://www.iqwig.de/de/projekte-ergebnisse/studieninformationen-zu-reboxetin.3304.html
M/2020/0046 (Study 047),CFB,US,8,38.5,77,HAMD,23.8,NA,Unclear risk,Unclear risk,Low risk,Unclear risk,Low risk,Low risk,High risk,1,1,0,1,0,0,https://www.iqwig.de/de/projekte-ergebnisse/studieninformationen-zu-reboxetin.3304.html
MDF/29060/III/070/88/MC,CFB,Europe,5,73,NA,MADRS,30.03,NA,Unclear risk,Unclear risk,Low risk,Unclear risk,Unclear risk,Low risk,High risk,1,1,0,1,1,0,https://www.gsk-clinicalstudyregister.com/study/29060/070#rs
MIR 003-003 (FDA),CFB,US,6,43,57,HAMD,25.45,NA,Unclear risk,Unclear risk,Unclear risk,Unclear risk,Low risk,Low risk,High risk,1,1,1,1,0,0,http://digitalcommons.ohsu.edu/fdadrug/20/
MIR 003-020 (FDA),CFB,US,6,44,51,HAMD,28.83,NA,Unclear risk,Unclear risk,Low risk,Unclear risk,Low risk,Low risk,High risk,1,1,0,1,0,0,http://digitalcommons.ohsu.edu/fdadrug/20/
MIR 003-021 (FDA),CFB,US,6,45.7,55,HAMD,24.61,NA,Unclear risk,Unclear risk,Low risk,Unclear risk,Low risk,Low risk,High risk,1,1,0,1,0,0,http://digitalcommons.ohsu.edu/fdadrug/20/
MY-1042/BRL-029060/CPMS-251,CFB,US,8,41.9,NA,HAMD,24.41,NA,Unclear risk,Unclear risk,Low risk,Unclear risk,Low risk,Low risk,High risk,1,1,0,1,0,0,http://www.gsk-clinicalstudyregister.com/study/29060/251?search=compound&compound=paroxetine#rs
MY-1045/BRL-029060/1 (PAR 128),CFB,US,12,41.8,NA,HAMD,25.62,NA,Unclear risk,Unclear risk,Low risk,Unclear risk,Low risk,Low risk,High risk,1,1,0,1,0,0,http://www.gsk-clinicalstudyregister.com/study/29060/128#rs
Macias-Cortes 2015,BF,Mexico,6,49,100,HAMD,20.65,2.98,Low risk,Low risk,Low risk,Low risk,Low risk,High risk,Low risk,0,0,0,0,0,0,"Macías-Cortés EdC, Llanes-González L, Aguilar-Faisal L, Asbun-Bojalil J. Individualized homeopathic treatment and fluoxetine for moderate to severe depression in peri-and postmenopausal women (HOMDEP-MENOP study): a randomized, double-dummy, double-blind, placebo-controlled trial. PloS one. 2015 Mar 13;10(3):e0118440."
Mahableshwarkar 2013,CFB,US,8,42.7,60,HAMD,29.1,5.63,Unclear risk,Low risk,Low risk,Unclear risk,Low risk,High risk,High risk,1,0,0,1,0,0,"Mahableshwarkar, A. R., Jacobsen, P. L., & Chen, Y. (2013). A randomized, double-blind trial of 2.5 mg and 5 mg vortioxetine (Lu AA21004) versus placebo for 8 weeks in adults with major depressive disorder. Current medical research and opinion, 29(3), 217-226."
Mahableshwarkar 2015a,BIN,US,8,42.9,75,MADRS,32.23,4.33,Low risk,Low risk,Low risk,Unclear risk,Unclear risk,High risk,High risk,0,0,0,1,1,0,"Mahableshwarkar, A. R., Jacobsen, P. L., Chen, Y., Serenko, M., & Trivedi, M. H. (2015). A randomized, double-blind, duloxetine-referenced study comparing efficacy and tolerability of 2 fixed doses of vortioxetine in the acute treatment of adults with MDD. Psychopharmacology, 232(12), 2061-2070."
Maina 2007,BF,Italy,26,35.9,66,HAMD,20.2,2.72,Low risk,Unclear risk,High risk,Low risk,Unclear risk,Unclear risk,Unclear risk,0,1,2,0,1,1,"Maina G, Rosso G, Crespi C, Bogetto F. Combined brief dynamic therapy and pharmacotherapy in the treatment of major depressive disorder: a pilot study. Psychotherapy and psychosomatics. 2007 Aug 16;76(5):298-305."
Mao 2008,CFB,China,8,38.9,56,MADRS,30.64,5.27,High risk,Unclear risk,Low risk,Unclear risk,Low risk,Unclear risk,High risk,2,1,0,1,0,1,"Mao, P.X., T., Y.L., Jiang, F., Shu, L., Gu, X., Li, M., Qian, M., Ma, C., Mitchell, P.B. & Cai, Z.J. (2008) Esciatlopram in major depressive disorder: a multicentre, randomized, double-blind, fixeddose, parallel trial in a chinese population. Depression and Anxiety, 25, 46-54"
Marchesi 1998,BF,Italy,10,43.6,74,HAMD,25.39,5.45,Unclear risk,Unclear risk,Low risk,Unclear risk,Low risk,Unclear risk,High risk,1,1,0,1,0,0,"Marchesi C, Ceccherininelli A, Rossi A, Maggini C. Is anxious-agitated major depression responsive to fluoxetine? A double-blind comparison with amitriptyline. Pharmacopsychiatry 1998;31:216-221."
Markkula 2019,BF,Nepal,4,31.5,91,BDI,23.44,8.86,Unclear risk,Low risk,High risk,Unclear risk,Low risk,Low risk,Low risk,1,0,2,1,0,1,"Markkula, N., Lehti, V., Adhikari, P., Peña, S., Heliste, J., Mikkonen, E., ... & Guragain, B. (2019). Effectiveness of non-medical health worker-led counselling on psychological distress: a randomized controlled trial in rural Nepal. Global Mental Health, 6."
Marshall 2008,BF,Canada,16,NA,69,HAMD,18.27,3.73,Unclear risk,Unclear risk,High risk,Unclear risk,Unclear risk,Unclear risk,Low risk,1,1,2,1,1,1,"Marshall, M.B., Zuroff, D.C., McBride, C., & Bagby, R.M. (2008) Self-criticism predicts differential response to treatment for major depression. Journal of Clinical Psychology, 64 (3), 231-244."
Mathews 2015,CFB,US,10,42.3,57,MADRS,31.3,3.35,Unclear risk,Unclear risk,Low risk,Low risk,Low risk,Low risk,High risk,1,1,0,0,0,0,"Mathews M, Gommoll C, Chen D, Nunez R, Khan A. Efficacy and safety of vilazodone 20 and 40 mg in major depressive disorder: a randomized, double-blind, placebo-controlled trial. Int Clin Psychopharmacol. 2015;30(2):67-74."
Matreja 2007,BF,India,6,40.1,55,MADRS,29.65,5.58,Low risk,Unclear risk,High risk,High risk,Unclear risk,Unclear risk,Unclear risk,0,1,2,2,1,1,"Matreja, P. S., Badyal, D. K., Khosla, P., & Deswal, R. S. (2007). Effectiveness and acceptability of sertraline and citalopram in major depressive disorder: pragmatic randomized open‐label comparison. Human Psychopharmacology: Clinical and Experimental, 22(7), 477-482."
McCallum 1975,BF,US,3,41.5,83,HAMD,22.599999999999998,5.29,Unclear risk,Unclear risk,Low risk,Unclear risk,High risk,Unclear risk,High risk,1,1,0,1,2,1,"McCallum P, Meares R. A controlled trial of maprotiline (Ludiomil) in depressed outpatients. Medical Journal Australia 1975;2:392-394."
McKnight 1992,BF,US,8,37.5,100,BDI,29.97,5.53,Unclear risk,Unclear risk,High risk,Unclear risk,Low risk,Unclear risk,Unclear risk,1,1,2,1,0,1,"McKnight, D. L., Nelson-Gray, R. O. & Barnhill, J. (1992). Dexamethasone suppression test and response to cognitive therapy and antidepressant medication. Behavior Therapy 23, 99-111."
McNamara 1986,BF,US,10,NA,NA,BDI,24.27,4.69,Unclear risk,Unclear risk,High risk,Unclear risk,Unclear risk,High risk,Unclear risk,1,1,2,1,1,1,"McNamara K, Horan JJ. Experimental construct validity in the evaluation of cognitive and behavioral treatments for depression. Journal of Counseling Psychology. 1986 Jan;33(1):23."
Mehtonen 2000,BIN,Finland,8,42.6,66,HAMD,25.65,4.01,Unclear risk,Unclear risk,Low risk,Unclear risk,Low risk,High risk,High risk,1,1,0,1,0,0,"Mehtonen OP, Sogaard J, Roponen P, Behnke K. Randomized, double-blind comparison of venlafaxine and sertraline in outpatients with major depressive disorder. Venlafaxine 631 Study Group. Journal of Clinical Psychiatry 2000;61(2):95-100."
Mendels 1993,CFB,US,6,38.5,65,MADRS,29.32,5.65,Unclear risk,Unclear risk,Low risk,Unclear risk,Low risk,High risk,High risk,1,1,0,1,0,0,"Mendels J, Johnston R, Mattes J, Riesenberg R. Efficacy and safety of b.i.d. doses of venlafaxine in a dose-response study. Psychopharmacology Bulletin 1993;29(2):169-174."
Mendels 1999,BF,US,4,43,33,HAMD,24,3.35,Unclear risk,Unclear risk,Low risk,Unclear risk,Low risk,High risk,High risk,1,1,0,1,0,0,"Mendels J. Double-blind comparison of citalopram and placebo in depressed outpatients with melancholia. Depression & Anxiety 9(2):54-60, 1999."
Miller 1989a,CFB,UK,4,42.5,68,HAMD,23.5,NA,Unclear risk,Unclear risk,Low risk,Unclear risk,High risk,Unclear risk,High risk,1,1,0,1,2,1,"Miller SM, Naylor GJ, Murtagh M, Winslow G. A double-blind comparison of paroxetine and placebo in the treatment of depressed patients in a psychiatric outpatient clinic. Acta Neurologica Scandinavica 1989;80(350, Suppl):143-144."
Miranda 2003/2006,BF,US,13,29.3,100,HAMD,16.9,5.2,High risk,Low risk,High risk,Low risk,Low risk,High risk,Low risk,2,0,2,0,0,1,"Miranda J, Chung JY, Green BL, Krupnick J, Siddique J, Revicki DA, Belin T. Treating depression in predominantly low-income young minority women: a randomized controlled trial. JAMA 2003;290(1):57-65."
Miura 2000,CFB,Japan,6,46.5,NA,HAMD,23.85,NA,Unclear risk,Unclear risk,Low risk,Low risk,Low risk,Low risk,High risk,1,1,0,0,0,0,"Miura S, Koyama T, Asai M, Endo S, Kamijima K, Ushijima S, Murasaki M, Kariya T, Koshino Y, Nakajima T, Nishimura K, Kudo Y, Saito M, Watanabe M, Tashiro N, Nakane Y. Clinical evaluation of paroxetine HCl, a selective serotonin reuptake inhibitor, in the treatment of depression or depressive spisodes: Double-blind, parallel group study with amitriptyline HCl. Yakuri To Chiro (Jpn Pharmacol Ther). 2000; 28 Supplement: 187-210."
Moak 2003,BF,US,12,41.5,39,HAMD,19.08,2.5,Low risk,Unclear risk,Low risk,Unclear risk,Low risk,Unclear risk,High risk,0,1,0,1,0,0,"Moak, D. H., Anton, R. F., Latham, P. K., Voronin, K. E., Waid, R. L., & Durazo-Arvizu, R. (2003). Sertraline and Cognitive Behavioral Therapy for Depressed Alcoholics: Results of a Placebo-Controlled Trial. Journal of Clinical Psychopharmacology, 23(6), 553-562. doi:http://dx.doi.org/10.1097/01.jcp.0000095346.32154.41"
Mohr 2011,BF,US,20,55.9,9,HAMD,20,3.9,Unclear risk,Unclear risk,High risk,Low risk,Low risk,Low risk,Low risk,1,1,2,0,0,1,"Mohr, D. C., et al. (2011) Telephone-administered cognitive behavioral therapy for veterans served by community-based outpatient clinics. Journal of consulting and clinical psychology 79, 261-265"
Moises 1981,BF,Germany,4,48.7,86,HAMD,25.08,5.15,Unclear risk,Unclear risk,Low risk,Unclear risk,Low risk,High risk,Unclear risk,1,1,0,1,0,0,"Moises HW, Kasper S, Beckmann H. Trazodone and amitriptyline in treatment of depressed inpatients. A double-blind study. Pharmacopsychiatry 1981;14:167-171."
Moller 1993,BF,Germany & Hungary,6,47.1,NA,HAMD,29.96,6.38,Unclear risk,Unclear risk,Low risk,Unclear risk,Low risk,Unclear risk,Unclear risk,1,1,0,1,0,0,"Moller HJ, Berzewski H, Eckmann F, Gonzalves N, Kissling W, Knorr W, Ressler P, Rudolf GA, Steinmeyer EM, Magyar I, et al. Double-blind multicenter study of paroxetine and amitriptyline in depressed inpatients. Pharmacopsychiatry 1993 May;26(3):75-8."
Moller 1998,CFB,"Germany, Hungary, & Czech Republic",6,48.6,70,HAMD,28.69,5.16,Unclear risk,Unclear risk,Low risk,Unclear risk,Unclear risk,Unclear risk,High risk,1,1,0,1,1,0,"Moller HJ, Gallinat J, Hegerl U, et a. Double-blind, multicenter comparative study of sertraline and amitriptyline in hospitalized patients with major depression. Pharmacopsychiatry 1998;31:170-177."
Moller 2000,CFB,Germany,6,47.9,67,HAMD,24.85,3.74,Unclear risk,Unclear risk,Low risk,Unclear risk,Low risk,Unclear risk,Unclear risk,1,1,0,1,0,0,"Moller HJ, Glaser K, Leverkus F et al. Double-blind, multicenter comparative study of sertraline versus amitriptyline in outpatients with major depression. Pharmacopsychiatry 2000;33:206-212."
Montgomery 1992,CFB,UK,6,44,69,HAMD,23.69,NA,Unclear risk,Unclear risk,Low risk,Unclear risk,Low risk,High risk,High risk,1,1,0,1,0,0,"Montgomery SA, Rasmussen JG, Lyby K, Connor P. Dose response relationship of citalopram 20 mg, citalopram 40 mg and placebo in the treatment of moderate and severe depression. International Clinical Psychopharmacology 1992;6(Suppl 5):65-70."
Montgomery 2004,BF,"Denmark, Finland, France, Germany, Ireland, Spain, & Switzerland",8,48,71,MADRS,28.85,5.19,Unclear risk,Unclear risk,Low risk,Unclear risk,Low risk,High risk,High risk,1,1,0,1,0,0,"Montgomery SA, Huusom AKT, Bothmer J. A randomised study comparing escitalopram with venlafaxine XR in primary care patients with major depressive disorder. Neuropsychobiology 2004; 50: 57-64"
Moore 2005,BF,France,8,45.2,67,MADRS,36,4.6,Low risk,Unclear risk,Low risk,Unclear risk,Low risk,High risk,High risk,0,1,0,1,0,0,"Moore, N., Verdoux, H. & Fantino, B. (2005) Prospective, multicentre, randomized, double-blind study of the efficacy of escitalopram versus citalopram in outpatient treatment of major depressive disorder. International Clinical Psychopharmacology, 20, 131-137."
Moradveisi 2013,BF,Iran,12,31.4,85,HAMD,21.37,5.32,Low risk,Low risk,High risk,Low risk,High risk,High risk,Low risk,0,0,2,0,2,1,"Moradveisi L, Huibers MJ, Renner F, Arasteh M, Arntz A. Behavioural activation v. antidepressant medication for treating depression in Iran: randomised trial. The British Journal of Psychiatry. 2013 Mar 1;202(3):204-11."
Mowla 2016,BF,Iran,6,41.2,60,HAMD,27.68,4,Low risk,Unclear risk,Low risk,Unclear risk,Low risk,Unclear risk,Low risk,0,1,0,1,0,0,"Mowla, A., Dastgheib, S. A., & Razeghian Jahromi, L. (2016). Comparing the Effects of Sertraline with Duloxetine for Depression Severity and Symptoms: A Double-Blind, Randomized Controlled Trial. Clinical Drug Investigation, 36(7), 539-543. doi:http://dx.doi.org/10.1007/s40261-016-0399-6"
Mullin 1996,CFB,UK,5,44.8,74,HAMD,22.55,3.94,Unclear risk,Unclear risk,Low risk,Unclear risk,Low risk,Unclear risk,High risk,1,1,0,1,0,0,"Mullin J. A multicentre, double-blind, amitriptyline-controIled study of mirtazapine in patients with major depression. Journal of Psychopharmacology 1996;10(3):235-240."
Mulsant 1999,BF,US,6,75,74,HAMD,22.44,4.01,Low risk,Unclear risk,Low risk,Unclear risk,Unclear risk,Unclear risk,Low risk,0,1,0,1,1,0,"Mulsant, B. H., Pollock, B. G., Nebes, R. D., Miller, M. D., Little, J. T., Stack, J., ... & Reynolds III, C. F. (1999). A double-blind randomized comparison of nortriptyline and paroxetine in the treatment of late-life depression: 6-week outcome. The Journal of clinical psychiatry, 60(Suppl 20), 16–20."
Mundt 2012,CFB,US,4,37.8,63,HAMD,24.76,2.65,Unclear risk,Unclear risk,Low risk,High risk,Unclear risk,High risk,High risk,1,1,0,2,1,1,"Mundt JC, Vogel AP, Feltner DE, Lenderking WR. Vocal acoustic biomarkers of depression severity and treatment response. Biol Psychiatry. 2012 Oct 1;72(7):580-7."
Munizza 2006,CFB,"Hungary, Italy, Poland, Portugal, Spain, & Slovak Republic",6,45.9,65,HAMD,21.8,1.71,High risk,Low risk,Low risk,Unclear risk,Low risk,Unclear risk,High risk,2,0,0,1,0,1,"Munizza C, Olivieri L, Di Loreto G, Dionisio P. A comparative, randomized, double-blind study of trazodone prolonged-release and sertraline in the treatment of major depressive disorder. Curr Med Res Opin. 2006 Sep;22(9):1703-13."
Murphy 1984,BF,US,12,33.8,74,HAMD,19.860000000000003,3.97,Unclear risk,Unclear risk,High risk,High risk,Unclear risk,High risk,Low risk,1,1,2,2,1,1,"Murphy GE, Simons AD, Wetzel RD, Lustman PJ. Cognitive therapy and pharmacotherapy singly and together in the treatment of depression. Arch Gen Psychiatry 1984;41:33-41."
Murri 2015,BF,Italy,24,75.2,71,HAMD,20.1,3.06,Unclear risk,Unclear risk,High risk,Low risk,Low risk,Unclear risk,Low risk,1,1,2,0,0,1,"Murri MB, Amore M, Menchetti M, Toni G, Neviani F, Cerri M, Rocchi MB, Zocchi D, Bagnoli L, Tam E, Buffa A. Physical exercise for late-life major depression. The British Journal of Psychiatry. 2015 Sep 1;207(3):235-42."
Mynors-Wallis 1995,BF,UK,12,37.1,77,HAMD,18.99,4.46,Unclear risk,Low risk,High risk,Low risk,Low risk,High risk,Low risk,1,0,2,0,0,1,"Mynors-Wallis LM, Gath DH, Lloyd-Thomas AR, Tomlinson D. Randomised controlled trial comparing problem solving treatment with amitriptyline and placebo for major depression in primary care. [see comments.]. BMJ 18-2-1995;310(6977):441-445."
NCT01020799,CFB,US,4,39.9,48,MADRS,31.2,4.13,Unclear risk,Unclear risk,Low risk,Low risk,Low risk,Low risk,High risk,1,1,0,0,0,0,https://clinicaltrials.gov/ct2/show/NCT01020799
NKD20006 (NCT00048204),CFB,US,8,38,60,HAMD,24.6,NA,Unclear risk,Unclear risk,Low risk,Low risk,Low risk,Low risk,High risk,1,1,0,0,0,0,http://www.gsk-clinicalstudyregister.com/study/NKD20006#ps
Naeem 2014,BF,Pakistan,12,33.4,44,HADS-D,13.15,3.07,Low risk,Low risk,High risk,Unclear risk,Low risk,Low risk,Unclear risk,0,0,2,1,0,1,"Naeem, F., Sarhandi, I., Gul, M., Khalid, M., Aslam, M., Anbrin, A., ... & Husain, N. (2014). A multicentre randomised controlled trial of a carer supervised culturally adapted CBT (CaCBT) based self-help for depression in Pakistan. Journal of affective disorders, 156, 224-227."
Naeem 2015,BF,Pakistan,12,31.7,60,HADS-D,15.2,3.68,Low risk,Low risk,High risk,Unclear risk,Low risk,Low risk,Unclear risk,0,0,2,1,0,1,"Naeem, F., et al. (2015). ""Brief culturally adapted CBT (CaCBT) for depression: a randomized controlled trial from Pakistan."" Journal of Affective Disorders 177: 101-107."
Navarro 2001,BF,Spain,12,70.7,64,HAMD,26.759999999999998,4.1,Unclear risk,Unclear risk,High risk,Low risk,Low risk,High risk,Low risk,1,1,2,0,0,1,"Navarro, V., Gasto, C., Torres, X., Marcos, T., & Pintor, L. (2001). Citalopram versus nortriptyline in late‐life depression: a 12‐week randomized single‐blind study. Acta Psychiatrica Scandinavica, 103(6), 435-440."
Nemeroff 2007,BIN,US,6,39.5,63,HAMD,23.63,3.22,Unclear risk,Unclear risk,Low risk,Unclear risk,Low risk,High risk,High risk,1,1,0,1,0,0,"Nemeroff, C. B., Thase, M. E., & EPIC 014 Study Group. (2007). A double-blind, placebo-controlled comparison of venlafaxine and fluoxetine treatment in depressed outpatients. Journal of psychiatric research, 41(3-4), 351-359."
Nezu 1989,BF,US,10,45.8,86,BDI,26.98,4.75,Unclear risk,Unclear risk,High risk,Unclear risk,Low risk,High risk,Unclear risk,1,1,2,1,0,1,"Nezu, A.M., Perri, M.G., 1989. Social problem‐solving therapy for unipolar depression: an initial dismantling investigation. J. Consul. Clin. Psychol. 57, 408‐413"
Nierenberg 2007,CFB,US,8,42.3,65,HAMD,17.7,5,High risk,Low risk,Low risk,High risk,Low risk,High risk,High risk,2,0,0,2,0,1,"Nierenberg, A. A., Greist, J. H., Mallinckrodt, C. H., Prakash, A., Sambunaris, A., Tollefson, G. D. et al. (2007). Duloxetine versus escitalopram and placebo in the treatment of patients with major depressive disorder: onset of antidepressant action, a non-inferiority study. Current Medical Research & Opinion, 23, 401-416."
Noguera 1991,BF,NR,6,46.2,73,HAMD,24.45,5.01,Unclear risk,Unclear risk,Low risk,Unclear risk,Low risk,Unclear risk,High risk,1,1,0,1,0,0,"Noguera R, Altuna R, Alvarez E, Ayuso JL, Casais L, Udina C. Fluoxetine vs. clomipramine in depressed patients: a controlled multicentre trial. Journal of Affective Disorders 1991 Jul;22(3):119-24."
Nyth 1992,BF,"Denmark, Norway & Sweden",6,76.7,69,MADRS,25.52,9.5,Unclear risk,Unclear risk,Low risk,Unclear risk,Unclear risk,Unclear risk,High risk,1,1,0,1,1,0,"Nyth AL, Gottfries CG, Lyby K, Smedegaard-Andersen L, Gylding-Sabroe J, Kristensen M, Refsum HE, Ofsti E, Eriksson S, Syversen S. A controlled multicenter clinical study of citalopram and placebo in elderly depressed patients with and without concomitant dementia. Acta Psychiatrica Scandinavica 1992;86(2):138-145."
Olie 1997,BF,France,6,43.8,63,MADRS,28.65,5.07,Unclear risk,Unclear risk,Low risk,Unclear risk,Low risk,High risk,High risk,1,1,0,1,0,0,"Olie JP, Gunn KP, Katz E. A double-blind placebo-controlled multicentre study of sertraline in the acute and continuation treatment of major depression. European Psychiatry 1997;12(1):34-41."
Ontiveros 1997,CFB,Mexico,6,40.9,73,HAMD,26.3,5.69,Unclear risk,Unclear risk,Low risk,Unclear risk,Low risk,Unclear risk,High risk,1,1,0,1,0,0,"Ontiveros A, Garcia-Barriga C. A double-blind, comparative study of paroxetine and fluoxetine in out-patients with depression. Brit J Clin Research. 1997; 8:23-32."
Ou 2011,CFB,China,6,36.6,56,HAMD,22.95,4.2,Low risk,Low risk,Low risk,Unclear risk,Low risk,Unclear risk,High risk,0,0,0,1,0,0,"Ou JJ, Xun GL, Wu RR, Li LH, Fang MS, Zhang HG, et al. Efficacy and safety of escitalopram versus citalopram in major depressive disorder: a 6-week, multicenter, randomized, double-blind, flexible-dose study. Psychopharmacology (Berl) 2011;213:639-46."
Owens 2008,CFB,US,8,NA,64,MADRS,28.600000000000005,5.5,Unclear risk,Unclear risk,Low risk,Unclear risk,Low risk,Unclear risk,High risk,1,1,0,1,0,0,"Owens MJ, Krulewicz S, Simon JS, Sheehan DV, Thase ME, Carpenter DJ, et al. Estimates of serotonin and norepinephrine transporter inhibition in depressed patients treated with paroxetine or venlafaxine. Neuropsychopharmacology 2008;33:3201-12."
Ozdemir 2015,BF,Turkey,8,35.8,54,HAMD,29.58,6.5,Low risk,Unclear risk,High risk,Unclear risk,Low risk,Low risk,Low risk,0,1,2,1,0,1,"Ozdemir, P. G., Boysan, M., Smolensky, M. H., Selvi, Y., Aydin, A., & Yilmaz, E. (2015). Comparison of Venlafaxine Alone Versus Venlafaxine Plus Bright Light Therapy Combination for Severe Major Depressive Disorder. Journal of Clinical Psychiatry, 76(5), E645-E654."
PAR 01 001 (GSK & FDA),CFB,US,6,43.1,35,HAMD,27.7,NA,Unclear risk,Unclear risk,Low risk,Unclear risk,Low risk,Low risk,High risk,1,1,0,1,0,0,http://digitalcommons.ohsu.edu/fdadrug/26/
Paslakis 2010,BF,Germany,4,51.7,69,HAMD,22.41,4.05,Unclear risk,Unclear risk,High risk,High risk,Unclear risk,High risk,Low risk,1,1,2,2,1,1,"Paslakis, G., Luppa, P., Gilles, M., Kopf, D., Hamann-Weber, B., Lederbogen, F., & Deuschle, M. (2010). Venlafaxine and mirtazapine treatment lowers serum concentrations of dehydroepiandrosterone-sulfate in depressed patients remitting during the course of treatment. Journal of Psychiatric Research, 44(8), 556-560. doi:https://dx.doi.org/10.1016/j.jpsychires.2009.11.015"
Perahia 2006,BF,"Bulgaria, Croatia, Hungary, Poland, Romania, Russia, & Slovakia",8,45.2,70,HAMD,21.08,3.68,Unclear risk,Unclear risk,Low risk,Unclear risk,Low risk,High risk,High risk,1,1,0,1,0,0,"Perahia, D. G., Wang, F., Mallinckrodt, C. H., Walker, D. J., & Detke, M. J. (2006). Duloxetine in the treatment of major depressive disorder: a placebo- and paroxetine-controlled trial. European Psychiatry: the Journal of the Association of European Psychiatrists, 21, 367-378."
Perahia 2008a_study 1,CFB,France,6,44,71,HAMD,23.1,NA,Unclear risk,Unclear risk,Low risk,High risk,Low risk,Low risk,High risk,1,1,0,2,0,1,"Perahia DGS, Pritchett Y, Kajdasz D, Bauer M, Jain R, Russell JM, Walker DJ, Spencer KA, Froud DM, Raskin J, Thase ME. A randomized, double-blind comparison of duloxetine and venlafaxine in the treatment of patients with major depressive disorder. Journal of Psychiatric Research. 2008;42(1):22-34."
Perahia 2008a_study 2,CFB,Canada,6,42,66,HAMD,22.32,NA,Unclear risk,Unclear risk,Low risk,High risk,Low risk,Low risk,High risk,1,1,0,2,0,1,"Perahia DGS, Pritchett Y, Kajdasz D, Bauer M, Jain R, Russell JM, Walker DJ, Spencer KA, Froud DM, Raskin J, Thase ME. A randomized, double-blind comparison of duloxetine and venlafaxine in the treatment of patients with major depressive disorder. Journal of Psychiatric Research. 2008;42(1):22-34."
Perahia 2008b,CFB,11 European countries,12,46.2,64,HAMD,21.65,4.1,Unclear risk,Unclear risk,High risk,Unclear risk,Low risk,Unclear risk,High risk,1,1,2,1,0,1,"Perahia, D. G. S., Quail, D., Gandhi, P., Walker, D. J., & Peveler, R. C. (2008). A randomized, controlled trial of duloxetine alone vs. duloxetine plus a telephone intervention in the treatment of depression. Journal of Affective Disorders, 108(1-2), 33-41."
Philipp 1999,CFB,Germany,8,46.5,75,HAMD,22.35,4.13,Unclear risk,Unclear risk,Low risk,Unclear risk,Unclear risk,High risk,High risk,1,1,0,1,1,0,"Philipp, M., Kohnen, R., & Hiller, K. O. (1999). Hypericum extract versus imipramine or placebo in patients with moderate depression: randomised multicentre study of treatment for eight weeks. British Medical Journal, 319, 1534-1538."
Preskorn 1991,CFB,US,6,NA,NA,HAMD,23.65,2.74,Unclear risk,Unclear risk,Low risk,Unclear risk,High risk,Unclear risk,High risk,1,1,0,1,2,1,"Preskorn SH, Silkey B, Beber J, Dorey C. Antidepressant response and plasma concentrations of fluoxetine. Annals of Clinical Psychiatry 1991;3:147-151."
Qu 2013,CFB,China,6,33.3,59,HAMD,24.52,5.2,Low risk,Low risk,High risk,Low risk,Low risk,High risk,Low risk,0,0,2,0,0,1,"Qu SS, Huang Y, Zhang ZJ, Chen JQ, Lin RY, Wang CQ, Li GL, Wong HK, Zhao CH, Pan JY, Guo SC. A 6-week randomized controlled trial with 4-week follow-up of acupuncture combined with paroxetine in patients with major depressive disorder. Journal of psychiatric research. 2013 Jun 30;47(6):726-32."
Quah-Smith 2005,CFB,Australia,8,38.5,77,BDI,22,5.1,Unclear risk,Low risk,Low risk,Unclear risk,Low risk,Unclear risk,Unclear risk,1,0,0,1,0,0,"Quah-Smith, J. I., Tang, W. M., & Russell, J. (2005). Laser acupuncture for mild to moderate depression in a primary care setting–a randomised controlled trial. Acupuncture in Medicine, 23(3), 103-111."
Quah-Smith 2013,BF,Australia,8,38.3,72,HAMD,20.03,4.2,Low risk,Low risk,Low risk,Low risk,Low risk,Unclear risk,Unclear risk,0,0,0,0,0,0,"Quah-Smith I, Smith C, Crawford JD, Russell J. Laser acupuncture for depression: a randomised double blind controlled trial using low intensity laser intervention. Journal of affective disorders. 2013 Jun 30;148(2):179-87."
Quilty 2014,BF,Canada,16,33.61,53,HAMD,16.67,5.16,Low risk,Unclear risk,High risk,Unclear risk,Unclear risk,High risk,Low risk,0,1,2,1,1,1,"Quilty LC, Dozois DJ, Lobo DS, Ravindran LN, Bagby RM. Cognitive structure and processing during cognitive behavioral therapy vs. pharmacotherapy for depression. International Journal of Cognitive Therapy. 2014 Sep;7(3):235-50."
Rapaport 2009,CFB,US,10,67.5,62,HAMD,22.91,3.96,Low risk,Unclear risk,Low risk,Unclear risk,Low risk,Low risk,High risk,0,1,0,1,0,0,"Rapaport, M. H., et al. (2009) Low doses of controlled-release paroxetine in the treatment of late-life depression: a randomized, placebo-controlled trial. Journal of Clinical Psychiatry 70, 46-57"
Raskin 2007,BF,US,8,72.8,59,HAMD,18.83,4.69,High risk,Unclear risk,Low risk,High risk,Low risk,High risk,High risk,2,1,0,2,0,1,"Raskin, J., Wiltse, C. G., Siegal, A., Sheikh, J., Xu, J., Dinkel, J. J. et al. (2007). Efficacy of duloxetine on cognition, depression, and pain in elderly patients with major depressive disorder: an 8- week, double-blind, placebo-controlled trial. American Journal of Psychiatry, 164, 900-909."
Ratti 2011_study 096,BIN,11 countries in Europe and Latin America,8,44,72,HAMD,22.64,5.71,Unclear risk,Unclear risk,Low risk,Unclear risk,Low risk,High risk,High risk,1,1,0,1,0,0,"Ratti, E., Bellew, K., Bettica, P., Bryson, H., Zamuner, S., Archer, G., ... & Fernandes, S. (2011). Results from 2 randomized, double-blind, placebo-controlled studies of the novel NK1 receptor antagonist casopitant in patients with major depressive disorder. Journal of clinical psychopharmacology, 31(6), 727-733."
Reimherr 1990,CFB,US & Canada,8,38.9,54,HAMD,23.3,3.66,Unclear risk,Unclear risk,Low risk,Unclear risk,Low risk,Unclear risk,High risk,1,1,0,1,0,0,"Reimherr FW, Chouinard G, Cohn CK, Cole JO, Itil TM, LaPierre YD, Masco HL - Mendels J. Antidepressant efficacy of sertraline: a double-blind, placebo- and amitriptyline-controlled, multicenter comparison study in outpatients with major depression [see comments]. Journal of Clinical Psychiatry 1990 Dec;51 Suppl B:18-27."
Richou 1995,BIN,France,6,50.7,67,HAMD,27.2,5.56,Unclear risk,Unclear risk,Low risk,Unclear risk,Low risk,High risk,High risk,1,1,0,1,0,0,"Richou H. A multicentre, double-blind, clomipramine-controlled efficacy and safety study of Org 3770. Human Psychopharmacology 1995;10(4):263-271."
Rickels 1992,BIN,US,6,44.7,48,HAMD,26.35,5.58,Unclear risk,Unclear risk,Low risk,Unclear risk,Low risk,High risk,Unclear risk,1,1,0,1,0,0,"Rickels K. The efficacy and safety of paroxetine compared with placebo in outpatients with major depression. Journal of Clinical Psychiatry Vol 53 Suppl, pp 30-2, 1992."
Rickels 1994,BIN,US,8,NA,NA,HAMD,23.89,2.11,Unclear risk,Unclear risk,Low risk,Unclear risk,Unclear risk,High risk,High risk,1,1,0,1,1,0,"Rickels K, Schweizer E, Clary C, Fox I, Weise C. Nefazodone and imipramine in major depression: a placebo-controlled trial. British Journal of Psychiatry 1994 Jun;164(6):802-5."
Rickhi 2011,BF,Canada,8,44.1,77,HAMD,20.35,1.6,Low risk,Low risk,High risk,Low risk,Low risk,Low risk,Unclear risk,0,0,2,0,0,1,"Rickhi, B., Moritz, S., Reesal, R., Xu, T. J., Paccagnan, P., Urbanska, B., ... & Quan, H. (2011). A spirituality teaching program for depression: a randomized controlled trial. The International Journal of Psychiatry in Medicine, 42(3), 315-329."
Robinson 2014,CFB,"France, Mexico, Puerto Rico, & US",12,72.9,63,HAMD,19.39,5.62,Low risk,Low risk,Low risk,Low risk,Low risk,Low risk,High risk,0,0,0,0,0,0,"Robinson M, Oakes TM, Raskin J, Liu P, Shoemaker S, Nelson JC. Acute and long-term treatment of late-life major depressive disorder: duloxetine versus placebo. Am J Geriatr Psychiatry. 2014 Jan;22(1):34-45."
Rohini 2000,BF,India,4,31.9,53,BDI,31.95,7.29,High risk,Unclear risk,Unclear risk,Unclear risk,Unclear risk,High risk,Unclear risk,2,1,1,1,1,1,"Rohini, V., Pandey, R. S., Janakiramaiah, N., Gangadhar, B. N., & Vedamurthachar, A. (2000). A comparative study of full and partial Sudarshan Kriya Yoga (SKY) in major depressive disorder. Nimhans Journal, 18(1&2), 53-57."
Roose 2004,BIN,US,8,79.6,58,HAMD,24.3,4.1,High risk,Unclear risk,Low risk,Unclear risk,Low risk,High risk,High risk,2,1,0,1,0,1,"Roose, S. P., Sackeim, H. A., Krishnan, K. R. R., Pollock, B. G., Alexopoulos, G., Lavretsky, H., ... & Old-Old Depression Study Group. (2004). Antidepressant pharmacotherapy in the treatment of depression in the very old: a randomized, placebo-controlled trial. American Journal of Psychiatry, 161(11), 2050-2059."
Ropert 1989,BF,France,6,43.8,64,MADRS,27.97,5.78,Unclear risk,Unclear risk,Low risk,Unclear risk,Unclear risk,Unclear risk,Unclear risk,1,1,0,1,1,0,Ropert R Fluoxetine versus clomipramine in major depressive disorders. International Clinical Psychopharmacology 1989 Jan;4 Suppl 1:89-95.
Roy 2018,BF,India,2,32,100,HAMD,17.93,4.65,High risk,Unclear risk,High risk,Unclear risk,Low risk,Unclear risk,Low risk,2,1,2,1,0,1,"Roy, A., Govindan, R., & Muralidharan, K. (2018). The impact of an add-on video assisted structured aerobic exercise module on mood and somatic symptoms among women with depressive disorders: Study from a tertiary care centre in India. Asian Journal of Psychiatry, 32, 118-122. doi:http://dx.doi.org/10.1016/j.ajp.2017.12.004"
Rush 1977/Kovacs 1981,BF,US,12,35.7,63,BDI,30.15,6.31,Unclear risk,Unclear risk,High risk,Unclear risk,High risk,High risk,Low risk,1,1,2,1,2,1,"Rush, A., Beck, A., Kovacs, M. & Hollon, S. (1977). Comparative efficacy of cognitive therapy and pharmacotherapy in the treatment of depressed outpatients. Cognitive Therapy and Research 1, 17-37."
SER 315 (FDA),CFB,Europe,8,42.6,72,HAMD,22.93,NA,Unclear risk,Unclear risk,Low risk,Unclear risk,Low risk,Low risk,High risk,1,1,0,1,0,0,http://digitalcommons.ohsu.edu/fdadrug/27/
Sahranavard 2018,BF,Iran,NA,34.1,100,BDI,33.3,2.56,Unclear risk,Unclear risk,High risk,Unclear risk,Unclear risk,Unclear risk,Low risk,1,1,2,1,1,1,"Sahranavard, S., & Miri, M. R. (2018). A comparative study of the effectiveness of group-based cognitive behavioral therapy and dialectical behavioral therapy in reducing depressive symptoms in Iranian women substance abusers. Psicologia: Reflexão e Crítica, 31."
Salminen 2008,CFB,Finland,16,42.4,68,HAMD,18.59,3.23,Unclear risk,Unclear risk,High risk,Unclear risk,Low risk,Low risk,Low risk,1,1,2,1,0,1,"Salminen, J.K., Karlsson, H., Hietala, J., et al. (2008) Short-term psychodynamic psychotherapy and fluoxetine in major depressive disorder: A randomized comparative study. Psychotherapy and
Psychosomatics, 77, 351-357."
Saloheimo 2016,CFB,Finland,12,41.7,72,HAMD,18.96,3.82,High risk,Low risk,High risk,Low risk,Unclear risk,High risk,Low risk,2,0,2,0,1,1,"Saloheimo, H. P., Markowitz, J., Saloheimo, T. H., Laitinen, J. J., Sundell, J., Huttunen, M. O., . . . Katila, H. O. (2016). Psychotherapy effectiveness for major depression: A randomized trial in a Finnish community. BMC Psychiatry, 16 (1) (no pagination)(131). doi:http://dx.doi.org/10.1186/s12888-016-0838-1"
Samuelian 1998,BF,France,6,47,64,MADRS,33.47,6.98,Unclear risk,Unclear risk,Low risk,Unclear risk,Low risk,Unclear risk,High risk,1,1,0,1,0,0,"Samuelian JC, Hackett D. A randomized, double-blind, parallel-group comparison of venlafaxine and clomipramine in outpatients with major depression. Journal of Psychopharmacology 1998;12(3):273-278."
Sauer 2003,CFB,Germany,6,47.3,68,HAMD,23.62,1.77,High risk,Unclear risk,Low risk,Unclear risk,Unclear risk,High risk,High risk,2,1,0,1,1,1,"Sauer H, Huppertz-Helmhold S, Dierkes W. Efficacy and safety of venlafaxine ER vs. amitriptyline ER in patients with major depression of moderate severity. Pharmacopsychiatry. 2003 Sep;36(5):169-75."
Schatzberg 2002,BIN,US,8,71.9,52,HAMD,22.3,3.49,Unclear risk,Unclear risk,Low risk,Unclear risk,Low risk,High risk,High risk,1,1,0,1,0,0,"Schatzberg AF, Kremer C, Rodrigues HE, Murphy JG, Jr., The Mirtazapine Vs Paroxetine Study Group. Double-blind, randomized comparison of mirtazapine and paroxetine in elderly depressed patients. American Journal of Geriatric Psychiatry 10(5):541-50, 2002"
Schmidt 1983,BF,US,8,42,84,BDI,24.62,6.89,Unclear risk,Unclear risk,High risk,Unclear risk,Low risk,Unclear risk,Unclear risk,1,1,2,1,0,1,"Schmidt MM, Miller WR. Amount of therapist contact and outcome in a multidimensional depression treatment program. Acta Psychiatrica Scandinavica 1983;67(5):319-332."
Schweizer 1991,BF,US,6,45.7,37,MADRS,31,4.44,Unclear risk,Unclear risk,Low risk,Unclear risk,Low risk,High risk,High risk,1,1,0,1,0,0,"Schweizer E, Weise C, Clary C, Fox I, Rickels K. Placebo-controlled trial of venlafaxine for the treatment of major depression. Journal of Clinical Psychopharmacology 1991;11(4):233-236."
Schweizer 1994,CFB,US,6,42,67,MADRS,30.09,5.65,High risk,Unclear risk,Low risk,Unclear risk,Low risk,Unclear risk,High risk,2,1,0,1,0,1,"Schweizer, E., Feighner, J., Mandos, L. A., & Rickels, K. (1994). Comparison of venlafaxine and imipramine in the acute treatment of major depression in outpatients. Journal of Clinical Psychiatry, 55, 104-108."
Schweizer 1998,BF,US,8,NA,NA,HAMD,24,4.09,Unclear risk,Unclear risk,Low risk,Unclear risk,Low risk,High risk,High risk,1,1,0,1,0,0,"Schweizer, E., Rickels, K., Hassman, H., & Garcia-Espana, F. (1998). Buspirone and imipramine for the treatment of major depression in the elderly. Journal of Clinical Psychiatry, 59, 175-183."
Scott 1992,BF,UK,16,30.3,73,HAMD,18.75,5.77,High risk,Low risk,High risk,High risk,Low risk,Unclear risk,Low risk,2,0,2,2,0,1,"Scott AIF, Freeman CPL. Edinburgh primary care depression study: treatment outcome, patient satisfaction and cost after 16 weeks. Br Med J 1992;304:883-887."
Sechter 1999,BF,France,24,43,66,HAMD,24.7,3.27,Unclear risk,Unclear risk,Low risk,Unclear risk,Low risk,High risk,Unclear risk,1,1,0,1,0,0,"Sechter D, Troy S, Paternetti S, Boyer P. A double-blind comparison of sertraline and fluoxetine in the treatment of major depressive episode in outpatients. Eur Psychiatry. 1999 Mar;14(1):41-8."
Serrano-Blanco 2006,BF,Spain,24,43.5,73,MADRS,22.43,9.3,Low risk,Low risk,High risk,Low risk,Low risk,High risk,Low risk,0,0,2,0,0,1,"Serrano-Blanco, A., Gabarron, E., Garcia-Bayo, I., Soler-Vila, M., Carames, E., Penarrubia-Maria, M. T., . . . grp, D. (2006). Effectiveness and cost-effectiveness of antidepressant treatment in primary health care: A six-month randomised study comparing fluoxetine to imipramine. Journal of Affective Disorders, 91(2-3), 153-163."
Sharma 2005,BF,India,8,31.8,37,HAMD,20.369999999999997,4.2,Unclear risk,Unclear risk,High risk,Unclear risk,Unclear risk,High risk,Unclear risk,1,1,2,1,1,1,"Sharma, V. K., Das, S., Mondal, S., Goswami, U., & Gandhi, A. (2005). Effect of Sahaj Yoga on depressive disorders. Indian journal of physiology and pharmacology, 49(4), 462."
Sheehan 2009a,CFB,US & Canada,8,43.9,64,HAMD,22.8,4.31,Low risk,Low risk,Low risk,Low risk,Low risk,Low risk,High risk,0,0,0,0,0,0,"Sheehan, D. V., et al. (2009) Extended-release trazodone in major depressive disorder: A randomized, double-blind, placebo-controlled study [NCT00775203]. Psychiatry 6, 20-33"
Sheehan 2009b,BF,US,6,39.8,61,HAMD,29.6,3.87,High risk,Unclear risk,Low risk,Unclear risk,Low risk,Unclear risk,High risk,2,1,0,1,0,1,"Sheehan, D. V., et al. (2009) Placebo-controlled inpatient comparison of venlafaxine and fluoxetine for the treatment of major depression with melancholic features. International clinical psychopharmacology 24, 61-86 DOI: 10.1097/YIC.0b013e32831980f2"
Shelton 2006,BF,US,8,39.3,53,HAMD,22.3,2.9,High risk,Unclear risk,Low risk,High risk,Low risk,Low risk,High risk,2,1,0,2,0,1,"Shelton RC, Haman KL, Rapaport MH, Kiev A, Smith WT, Hirschfeld RM, Lydiard RB, Zajecka JM, Dunner DL. A randomized, double-blind, active-control study of sertraline versus venlafaxine XR in major depressive disorder. J Clin Psychiatry. 2006 Nov;67(11):1674-81."
Silverstone 1994,CFB,UK,6,NA,NA,HAMD,24.89,5.01,Unclear risk,Unclear risk,Low risk,Unclear risk,Low risk,Unclear risk,Unclear risk,1,1,0,1,0,0,"Silverstone, T., bou-Saleh, M. T., Pathak, R., Lock, T., Bennie, E., Mohammed, Y. et al. (1994). A multicentre comparative trial of moclobemide, imipramine and placebo in major depressive disorder. UK moclobemide study group. International Clinical Psychopharmacology, 9, 109-113."
Singh 2005,BF,Australia,8,69.3,55,HAMD,19.07,4.55,High risk,Low risk,High risk,Low risk,Low risk,Unclear risk,Unclear risk,2,0,2,0,0,1,"Singh NA, Stavrinos TM, Scarbek Y, Galambos G, Liber C, Singh MA. A randomized controlled trial of high versus low intensity weight training versus general practitioner care for clinical depression in older adults. The Journals of Gerontology Series A: Biological Sciences and Medical Sciences. 2005 Jun 1;60(6):768-76."
Sir 2005,CFB,Australia & Turkey,8,37,69,HAMD,23.45,4.39,Low risk,Unclear risk,Low risk,Unclear risk,Low risk,Unclear risk,High risk,0,1,0,1,0,0,"Sir A, D'Souza RF, Uguz S, George T, Vahip S, Hopwood M, Martin AJ, Lam W, Burt T. Randomized trial of sertraline versus venlafaxine XR in major depression: efficacy and discontinuation symptoms. J Clin Psychiatry. 2005 Oct;66(10):1312-20."
Smeraldi 1998b,BF,Italy,6,71.3,75,MADRS,31.27,4.94,Unclear risk,Unclear risk,Low risk,Unclear risk,Low risk,Unclear risk,High risk,1,1,0,1,0,0,"Smeraldi E, Rizzo F, Crespi G. Double-blind, randomised study of venlafaxine, clomipramine and trazodone in geriatric patients with major depression. Primary Care Psychiatry 1998;4:189-195."
Sneed 2014,BF,US,12,64.6,58,HAMD,22.99,5.17,Low risk,Unclear risk,Low risk,Unclear risk,Low risk,High risk,High risk,0,1,0,1,0,0,"Sneed JR, Reinlieb ME, Rutherford BR, Miyazaki M, Fitzsimons L, Turret N, Pelton GH, Devanand DP, Sackeim HA, Roose SP. Antidepressant treatment of melancholia in older adults. The American Journal of Geriatric Psychiatry. 2014 Jan 31;22(1):46-52."
Solati 2016,BF,Iran,8,NA,100,BDI-II,42.05,4.36,Unclear risk,Unclear risk,Unclear risk,Unclear risk,Unclear risk,High risk,Unclear risk,1,1,1,1,1,0,"Solati, K. (2016). Effectiveness of cognitive-behavior group therapy, psycho-education family, and drug therapy in reducing and preventing recurrence of symptoms in patients with major depressive disorder. Group, 2(40.84), 3-55."
Spring 1992,CFB,US,4,34.9,68,HAMD,24.96,3.85,Unclear risk,Unclear risk,Low risk,Unclear risk,Unclear risk,High risk,High risk,1,1,0,1,1,0,"Spring, C., Gelenberg, A. J., Garvin, R., & Thompson, S. (1992). Amitryptyline, clovoxamine and cognitive function: A placebo-controlled comparison in depressed outpatients. Psychopharmacology, 108, 327-332."
Sramek 1995,CFB,US,9,NA,NA,HAMD,27.85,4.1,Unclear risk,Unclear risk,Low risk,Unclear risk,Low risk,Unclear risk,High risk,1,1,0,1,0,0,"Sramek JJ, Kashkin K, Jasinsky O, Kardatzke D, Kennedy S, Cutler NR. Placebo-controlled study of ABT-200 versus fluoxetine in the treatment of major depressive disorder. Depression 1995;3(4):199-203."
Staner 1995,BF,Belgium,5,42.1,83,HAMD,25.05,5.07,Unclear risk,Unclear risk,Low risk,Unclear risk,Low risk,Unclear risk,High risk,1,1,0,1,0,0,"Staner L, Kerkhofs M, Detroux D, Leyman S, Linkowski P, Mendlewicz J. Acute, subchronic and withdrawal sleep EEG changes during treatment with paroxetine and amitriptyline: a double-blind randomized trial in major depression. Sleep 1995 Jul;18(6):470-7."
Stark 1985,CFB,US,6,41,68,HAMD,27.93,5.66,Unclear risk,Unclear risk,Low risk,Unclear risk,Low risk,Unclear risk,High risk,1,1,0,1,0,0,"Stark P, Hardison CD. A review of multicenter controlled studies of fluoxetine vs imipramine and placebo in out patients with major depressive disorder. J Clin Psychiatry 1985;46:53-8."
Study 62b (FDA),CFB,NR,6,40,57,HAMD,24.35,NA,Unclear risk,Unclear risk,Low risk,Unclear risk,Low risk,Low risk,High risk,1,1,0,1,0,0,http://digitalcommons.ohsu.edu/fdadrug/22/
Study 89306 (FDA),CFB,NR,6,NA,NA,MADRS,32.35,NA,Unclear risk,Unclear risk,Low risk,Unclear risk,Low risk,High risk,High risk,1,1,0,1,0,0,http://www.accessdata.fda.gov/drugsatfda_docs/nda/98/020822a_medr_P2.pdf
Study F1J-MC-HMAQ - Study Group B,CFB,US,10,40.4,NA,HAMD,18.47,NA,Unclear risk,Unclear risk,Low risk,Unclear risk,Low risk,High risk,High risk,1,1,0,1,0,0,http://www.lillytrials.com/results/Cymbalta.pdf
Suleman 1997,BF,Zimbabwe,6,NA,NA,HAMD,24.15,3.14,Unclear risk,Low risk,Unclear risk,Unclear risk,Unclear risk,High risk,High risk,1,0,1,1,1,0,"Suleman MI, Sebit MB, Acuda SW, Siziya S. Fluoxetine and moclobemide versus amitriptyline in major depression: a single blind randomised clinical trial in Zimbabwe. Central-African Journal of Medicine 1997;43(2):38-40"
Sun 2013,BF,China,6,42,77,HAMD,23.34,3.22,Low risk,Low risk,High risk,Unclear risk,High risk,Unclear risk,Low risk,0,0,2,1,2,1,"Sun H, Zhao H, Ma C, Bao F, Zhang J, Wang DH, Zhang YX, He W. Effects of Electroacupuncture on Depression and the Production of Glial Cell Line–Derived Neurotrophic Factor Compared with Fluoxetine: A Randomized Controlled Pilot Study. The Journal of Alternative and Complementary Medicine. 2013 Sep 1;19(9):733-9."
Thase 2018,BF,US,16,46.3,66,HAMD,19.700000000000003,3.64,Low risk,Low risk,High risk,Low risk,Low risk,High risk,Low risk,0,0,2,0,0,1,"Thase, M. E., Wright, J. H., Eells, T. D., Barrett, M. S., Wisniewski, S. R., Balasubramani, G. K., . . . Brown, G. K. (2018). Improving the efficiency of psychotherapy for depression: Computer-assisted versus standard CBT. American Journal of Psychiatry, 175(3), 242-250. doi:http://dx.doi.org/10.1176/appi.ajp.2017.17010089"
Tollefson 1993/1995,CFB,US,6,67.7,55,HAMD,22.15,3.85,Unclear risk,Unclear risk,Low risk,Unclear risk,Low risk,Unclear risk,High risk,1,1,0,1,0,0,"Tollefson GD HS. Analysis of the Hamilton Depression Rating Scale factors from a double-blind, placebo-controlled trial of fluoxetine in geriatric major depression. International Clinical Psychopharmacology 8(4):253-9, 1993."
Tollefson 1994,CFB,US,8,37.8,69,HAMD,21.45,3.84,High risk,Unclear risk,Low risk,Unclear risk,High risk,Unclear risk,High risk,2,1,0,1,2,1,"Tollefson GD, Greist JH, Jefferson JW, Heiligenstein JH, Sayler ME, Tollefson SL, Koback K. Is baseline agitation a relative contraindication for a selective serotonin reuptake inhibitor: a comparative trial of fluoxetine versus imipramine. Journal of Clinical Psychopharmacology 1994 Dec;14(6):385-91."
Tong 2020,BF,China,8,37.7,70,HAMD,29.94,5.08,Low risk,Unclear risk,High risk,Low risk,Low risk,Unclear risk,Low risk,0,1,2,0,0,1,"Tong, P., Bu, P., Yang, Y., Dong, L., Sun, T., & Shi, Y. (2020). Group cognitive behavioural therapy can reduce stigma and improve treatment compliance in major depressive disorder patients. Early Intervention in Psychiatry, 14(2), 172-178."
Tsutsui 2000,CFB,Japan,6,38.8,NA,HAMD,24,NA,Unclear risk,Unclear risk,Low risk,Low risk,Low risk,Low risk,High risk,1,1,0,0,0,0,"Tsutsui S, Okuse T, Sasaki D et al. Clinical evaluation of paroxetine HCl, a selective serotonin reuptake inhibitor, in the treatment of depression or depressive episodes: Double-blind, parallel group study with trazodone HCl. Yakuri-To-Chiryo (Jpn Pharmacol Ther) 2000; Supplement: 161-185."
Tylee 1997,BF,UK,12,44.5,71,MADRS,28.55,5.3,Low risk,Unclear risk,Low risk,Unclear risk,Low risk,High risk,High risk,0,1,0,1,0,0,"Tylee A, Beaumont G, Bowden MW. A double-blind, randomised, 12-week comparison study of the safety and efficacy of venlafaxine and fluoxetine in moderate to severe depression in general practice. Primary Care Psychiatry 1997;3:51-58."
Tzanakaki 2000,BIN,Greece & Italy,6,48,79,HAMD,27.45,5.59,Unclear risk,Unclear risk,Low risk,Unclear risk,Unclear risk,High risk,High risk,1,1,0,1,1,0,"Tzanakaki M, Guazzelli M, Nimatoudis I, Zissis NP, Smeraldi E, Rizzo F. Increased remission rates with venlafaxine compared with fluoxetine in hospitalized patients with major depression and melancholia. International Clinical Psychopharmacology 2000;15(1):29-34."
Umadevi 2013,BF,India,4,NA,49,HADS-D,14.6,4.25,High risk,Low risk,High risk,Unclear risk,Unclear risk,Unclear risk,Unclear risk,2,0,2,1,1,1,"Umadevi, P., Ramachandra, S. V., Philip, M., & Gangadhar, B. N. (2013). Effect of yoga therapy on anxiety and depressive symptoms and quality-of-life among caregivers of in-patients with neurological disorders at a tertiary care center in India: A randomized controlled trial. Indian journal of psychiatry, 55(Suppl 3), S385."
VEN 600A-303 (FDA),CFB,US,6,38.5,69,HAMD,24.14,NA,Unclear risk,Unclear risk,Low risk,Unclear risk,Low risk,Low risk,High risk,1,1,0,1,0,0,http://digitalcommons.ohsu.edu/fdadrug/24/
VEN 600A-313 (FDA),CFB,US,6,38.4,67,HAMD,25.51,NA,Unclear risk,Unclear risk,Low risk,Unclear risk,Low risk,Low risk,High risk,1,1,0,1,0,0,http://digitalcommons.ohsu.edu/fdadrug/24/
VEN XR 367 (FDA),CFB,Europe,8,NA,63,HAMD,26.58,NA,Unclear risk,Unclear risk,Low risk,Unclear risk,Low risk,Low risk,High risk,1,1,0,1,0,0,http://digitalcommons.ohsu.edu/fdadrug/25/
Valle-Cabrera 2018,BIN,Cuba,10,45.2,92,HAMD,23.1,2.55,Unclear risk,Low risk,Low risk,Unclear risk,Low risk,High risk,High risk,1,0,0,1,0,0,"Valle-Cabrera, R., Mendoza-Rodriguez, Y., Robaina-Garcia, M., Ballesteros, J., Cordero-Jimenez, J. R., Espinosa-Rodriguez, N. B., . . . Lauria-Horner, B. (2018). Efficacy of sertraline in patients with major depressive disorder naive to selective serotonin reuptake inhibitors. Journal of Clinical Psychopharmacology, 38(5), 454-459. doi:http://dx.doi.org/10.1097/JCP.0000000000000950"
Van Moffaert 1995b,BIN,Belgium,6,46.2,70,HAMD,28.35,5.06,Unclear risk,Unclear risk,Low risk,Unclear risk,Unclear risk,High risk,High risk,1,1,0,1,1,0,Van Moffaert M. Mirtazapine is more effective than trazodone: a double-blind controlled study in hospitalized patients with major depression. International Clinical Psychopharmacology 1995;10(1):3-9.
Ventura 2007,CFB,US,8,39.3,58,MADRS,29.25,4.11,Unclear risk,Unclear risk,Low risk,Unclear risk,Low risk,Unclear risk,High risk,1,1,0,1,0,0,"Ventura, D., Armstrong, E.P., Skrepnek, G.H. & Erder, M.H. (2007) Escitalopram versus sertraline in the treatment of major depressive disorder: a randomized clinical trial. Current Medical Research and Opinion, 23, 245-250.Juan, Puerto Rico."
Versiani 1989,BIN,South America,6,42,76,HAMD,25.45,5.04,Unclear risk,Unclear risk,Low risk,Unclear risk,Low risk,High risk,Unclear risk,1,1,0,1,0,0,"Versiani, M., Oggero, U., Alterwain, P., Capponi, R., Dajas, F., Heinze-Martin, G. et al. (1989). A double-blind comparative trial of moclobemide v. imipramine and placebo in major depressive episodes. British Journal of Psychiatry Supplementum, 6, 72-77."
Versiani 1999,CFB,"Brazil, Colombia, Mexico, Peru & Venezuela",8,41.3,76,HAMD,26.35,4.49,Unclear risk,Unclear risk,Low risk,Unclear risk,Low risk,Unclear risk,High risk,1,1,0,1,0,0,"Versiani M, Ontiveros A, Mazzotti GG. Fluoxetine versus amittriptyline in the treatment of major depression with associated anxiety (anxious depression): a double-blind comparison. Int Clin Psychopharmacology 1999;14:321-327."
Versiani 2005,BF,Europe & South America,8,NA,72,MADRS,35.5,6.01,High risk,Unclear risk,Low risk,Unclear risk,Unclear risk,High risk,High risk,2,1,0,1,1,1,"Versiani M, Moreno R, Ramakers-van Moorsel CJ, Schutte AJ. Comparison of the effects of mirtazapine and fluoxetine in severely depressed patients. CNS Drugs 2005;19(2):137-46."
WELL AK1A4006,CFB,US,8,37.9,NA,HAMD,25.25,NA,Unclear risk,Unclear risk,Low risk,Unclear risk,Low risk,Low risk,High risk,1,1,0,1,0,0,http://digitalcommons.ohsu.edu/fdadrug/21/
Wade 2002,BF,"Canada, Estonia, France, Netherlands & UK",8,40.5,76,MADRS,28.95,3.96,Unclear risk,Unclear risk,Low risk,Unclear risk,Low risk,High risk,High risk,1,1,0,1,0,0,"Wade A, Lemming O, Hedegaard KB. Escitalopram 10 mg/day is effective and well tolerated in a placebo-controlled study in depression in primary care. International Clinical Psychopharmacology 2002;17(3):95-102."
Wade 2007,BF,"Belgium, Canada, the Czech Republic, France, Germany, Italy, Spain, Sweden & UK",24,43.9,72,MADRS,32.3,4.35,Low risk,Low risk,Low risk,Unclear risk,Low risk,High risk,High risk,0,0,0,1,0,0,"Wade, A., Gembert, K., & Florea, I. (2007). A comparative study of the efficacy of acute and continuation treatment with escitalopram versus duloxetine in patients with major depressive disorder. Current Medical Research & Opinion, 23, 1605-1614."
Wang 2013,BF,Hong Kong,24,47.6,0.55,MADRS,23.75,6.95,Low risk,Unclear risk,High risk,Unclear risk,Unclear risk,Unclear risk,High risk,0,1,2,1,1,1,"Wang WD, Lu XY, Ng SM, Hong L, Zhao Y, Lin YN, Wang F. Effects of electro-acupuncture on personality traits in depression: a randomized controlled study. Chinese journal of integrative medicine. 2013 Oct 1;19(10):777-82."
Wang 2014a,BF,China,6,NA,72,HAMD,22.12,4.38,Unclear risk,Low risk,High risk,Low risk,Low risk,Unclear risk,High risk,1,0,2,0,0,1,"Wang T, Wang L, Tao W, Chen L. Acupuncture combined with an antidepressant for patients with depression in hospital: a pragmatic randomised controlled trial. Acupuncture in Medicine. 2014 Apr 29:acupmed-2013."
Wang 2014c,BF,"Canada, China, Finland, South Korea, Malaysia, Mexico, The Philippines, South Africa, & Spain",8,40,71,MADRS,31.8,5.5,Low risk,Unclear risk,Low risk,Unclear risk,Low risk,High risk,High risk,0,1,0,1,0,0,"Wang G, McIntyre A, Earley WR, Raines SR, Eriksson H. A randomized, double-blind study of the efficacy and tolerability of extended-release quetiapine fumarate (quetiapine XR) monotherapy in patients with major depressive disorder. Neuropsychiatr Dis Treat. 2014 Jan 30;10:201-16."
Ward 2000/King 2000,BF,UK,16,37.4,77,BDI,26.48,8.64,Low risk,Low risk,High risk,Unclear risk,Low risk,Unclear risk,Low risk,0,0,2,1,0,1,"Ward E, King M, Lloyd M, Bower P, Sibbald B, Farrelly S, Gabbay M, Tarrier N, Addington-Hall J. Randomised controlled trial of non-directive counselling, cognitive-behaviour therapy, and usual general practitioner care for patients with depression. I: clinical effectiveness. BMJ 2-12-2000;321(7273):1383-1388."
Wernicke 1987,CFB,US,6,39.8,57,NR,NA,NA,Low risk,Unclear risk,Low risk,Unclear risk,Low risk,Unclear risk,High risk,0,1,0,1,0,0,"Wernicke JF, Dunlop SR, Dornseif BE, Zerbe RL. Fixed-dose fluoxetine therapy for depression. Psychopharmacology Bulletin 1987;23(1):164-168."
Wernicke 1988,CFB,US,6,NA,NA,HAMD,25.41,4.36,Unclear risk,Unclear risk,Low risk,Unclear risk,Low risk,Unclear risk,High risk,1,1,0,1,0,0,"Wernicke JF, Dunlop SR, Dornseif BE, Bosomworth JC, Humbert M. Low-dose fluoxetine therapy for depression. Psychopharmacology Bulletin 1988;24(1):183-188."
Wheatley 1998,BF,"UK, Belgium, & Netherlands",6,47.4,57,HAMD,26.05,4.33,Unclear risk,Low risk,Low risk,Unclear risk,Low risk,High risk,High risk,1,0,0,1,0,0,"Wheatley DP, Van Moffaert M, Timmerman L, Kremer CME. Mirtazapine: Efficacy and tolerability in comparison with fluoxetine in patients with moderate to severe major depressive disorder. Journal of Clinical Psychiatry 1998;59(6):306-312."
White 1984,CFB,US,4,37.1,48,HAMD,26.15,6.83,Low risk,Unclear risk,Low risk,Unclear risk,Unclear risk,High risk,Unclear risk,0,1,0,1,1,0,"White, K., Razani, J., Cadow, B., Gelfand, R., Palmer, R., Simpson, G. et al. (1984). Tranylcypromine vs nortriptyline vs placebo in depressed outpatients: a controlled trial. Psychopharmacology, 82, 258-262."
Whitmyer 2007,CFB,US,6,43,64,HAMD,21.5,3.64,Unclear risk,Unclear risk,Low risk,High risk,Low risk,Low risk,High risk,1,1,0,2,0,1,"Whitmyer, V. G., Dunner, D. L., Kornstein, S. G., Meyers, A. L., Mallinckrodt, C. H., Wohlreich, M. M., Gonzales, J.S., Greist, J. H. (2007) A comparison of initial duloxetine dosing strategies in patients with major depressive disorder. Journal of Clinical Psychiatry, 68, 1921-1930."
Wilson 1982,BF,Australia,8,NA,NA,BDI,25.2,5.47,Unclear risk,Unclear risk,High risk,Unclear risk,Unclear risk,High risk,Unclear risk,1,1,2,1,1,1,"Wilson P (1982). Combined pharmacological and behavioural treatment of depression. Behavior Research and Therapy 20, 173–184."
Wright 2005,CFB,US,8,40.2,76,HAMD,17.87,5.42,High risk,Unclear risk,High risk,Unclear risk,Low risk,Unclear risk,Low risk,2,1,2,1,0,1,"Wright JH, Wright AS, Albano AM, Basco MR, Goldsmith LJ, Raffield T, Otto MW. Computer-assisted cognitive therapy for depression: maintaining efficacy while reducing therapist time. American Journal of Psychiatry. 2005 Jun 1;162(6):1158-64."
Xiaoling 2018,BF,China,6,36,55,HAMD,21.379999999999995,3.57,Low risk,Unclear risk,Unclear risk,Unclear risk,Unclear risk,High risk,Unclear risk,0,1,1,1,1,0,"Xiaoling, Z., Yunping, H., & Yingdong, L. (2018). Analysis of curative effect of fluoxetine and escitalopram in the depression treatment based on clinical observation. Pak J Pharm Sci, 1115-1118."
Yevtushenko 2007,CFB,Russia,6,35.2,59,MADRS,35.24,3.71,Unclear risk,Unclear risk,Low risk,Unclear risk,Unclear risk,High risk,High risk,1,1,0,1,1,0,"Yevtunshenko, V.Y., Belous, A.I., Yevtushenko, Y.G., Gusinin, S.E., Buzik, O.J. & Agibalova, T.V. (2007) Efficacy and tolerability of escitalopram versus citalopram in major depressive disorder: a 6-week, multicentre, prospective, randomized, double-blind, active-controlled study in adult outpatients. Clinical Therapeutics, 29, 2319-2332"
Zhang 2007a,BF,China,6,36.8,50,HAMD,28.82,5.9,Unclear risk,Unclear risk,High risk,Unclear risk,Unclear risk,High risk,Unclear risk,1,1,2,1,1,1,"Zhang GJ, Shi ZY, Liu S, Gong SH, Liu JQ. Clinical observation of treatment of depression by electro-acupuncture combined with paroxetine: clinical observations. Chinese Journal of Integrative Medicine 2007; 13(3):228–30."
Zhang 2014,CFB,China,6,38.9,61,HAMD,21.75,3.11,Low risk,Low risk,Low risk,Unclear risk,Low risk,Unclear risk,High risk,0,0,0,1,0,0,"Zhang L, Xie WW, Li LH,. Efficacy and safety of prolonged-release trazodone in major depressive disorder. Pharmacology. 2014;94(5-6):199-206."
Zhang 2019,BF,China,8,35.3,54,HAMD,23.25,1.95,Unclear risk,Unclear risk,Unclear risk,Unclear risk,Unclear risk,High risk,Low risk,1,1,1,1,1,0,"Zhang, L., Long, M., & Xu, L. (2019). Comparative studies on the therapeutic and adverse effects of mirtazapine and fluoxetine in the treatment of adult depression. Tropical Journal of Pharmaceutical Research, 18(1), 135-139. doi:http://dx.doi.org/10.4314/tjpr.v18i1.20"
Zhao 2006,CFB,China,6,37.3,53,HAMD,29.31,7.19,Unclear risk,Unclear risk,High risk,High risk,Low risk,High risk,High risk,1,1,2,2,0,1,"Zhao J, Ang Q, Wang J, Sun X, Wei J, Li M, Liu P. A comparative efficacy of fluoxetine and trazodone in depression with remarkable retardation and loss of energy: a randomised openlabel trial. Internal Medicine Journal - Tokyo 2006;13(1):25-30"
Zhao 2019a,BF,China,6,41.5,65,HAMD,24.87,5.06,Unclear risk,Low risk,High risk,Unclear risk,Low risk,High risk,Low risk,1,0,2,1,0,1,"Zhao, B., Li, Z., Wang, Y., Ma, X., Wang, X., Liu, J., . . . Fei, Y. (2019). Manual or electroacupuncture as an add-on therapy to SSRIs for depression: A randomized controlled trial. Journal of Psychiatric Research, 114, 24-33. doi:http://dx.doi.org/10.1016/j.jpsychires.2019.04.005"
Zivkov 1995,BF,Former Yugoslavia,6,46.9,78,HAMD,27.8,4.84,Unclear risk,Unclear risk,Low risk,Unclear risk,Low risk,Unclear risk,High risk,1,1,0,1,0,0,Zivkov M. Org 3770 versus amitriptyline: A 6-week randomized double-blind multicentre trial in hospitalized depressed patients. Human Psychopharmacology 1995;10(3):173-180.
Zu 2014,CFB,China,24,38.5,51,QIDS,14.72,4.72,High risk,Unclear risk,High risk,Unclear risk,High risk,Unclear risk,Low risk,2,1,2,1,2,1,"Zu, S., et al. (2014) A comparison of cognitive-behavioral therapy, antidepressants, their combination and standard treatment for Chinese patients with moderate-severe major depressive disorders. Journal of Affective Disorders 152-154, 262-267 DOI: 10.1016/j.jad.2013.09.022"
